split,model_matrix_index
train,3289
train,4460
train,1146
train,2978
train,44
train,1173
train,2676
train,1583
train,3898
train,3963
train,801
train,2121
train,2103
train,2395
train,1978
train,256
train,4412
train,1534
train,1151
train,4027
train,647
train,3880
train,3364
train,1438
train,3201
train,3426
train,1497
train,2123
train,1309
train,2031
train,2669
train,263
train,1436
train,1186
train,56
train,695
train,1897
train,2685
train,3480
train,1564
train,3831
train,682
train,4374
train,3285
train,2986
train,2577
train,286
train,2823
train,4224
train,1322
train,2457
train,1235
train,4267
train,736
train,3949
train,3848
train,2057
train,2369
train,4023
train,1071
train,2357
train,3878
train,3566
train,2784
train,3955
train,3337
train,2865
train,498
train,3905
train,1456
train,3611
train,2650
train,2157
train,3464
train,2936
train,1022
train,4345
train,4508
train,2668
train,2617
train,665
train,4548
train,2258
train,1017
train,2974
train,2069
train,1207
train,4385
train,2290
train,3940
train,245
train,1163
train,266
train,3248
train,1114
train,63
train,1767
train,1732
train,2456
train,2564
train,1902
train,2402
train,2908
train,2787
train,3320
train,1237
train,103
train,3026
train,1657
train,508
train,1831
train,4549
train,3516
train,865
train,2096
train,908
train,1647
train,835
train,358
train,3692
train,299
train,1003
train,1812
train,941
train,1691
train,761
train,3846
train,1589
train,1590
train,3150
train,1558
train,3468
train,3981
train,1878
train,1188
train,3123
train,1553
train,2924
train,108
train,1962
train,3275
train,58
train,76
train,3927
train,368
train,2181
train,785
train,1616
train,1490
train,2990
train,3786
train,3007
train,2299
train,121
train,2447
train,2236
train,3715
train,910
train,124
train,1485
train,1257
train,3726
train,2963
train,1178
train,3256
train,3799
train,442
train,2607
train,2077
train,4322
train,3360
train,1227
train,1703
train,324
train,3085
train,2367
train,1588
train,2951
train,2586
train,1006
train,4158
train,1225
train,1898
train,1515
train,1216
train,3381
train,420
train,2909
train,6
train,932
train,439
train,1313
train,2215
train,1391
train,4415
train,4278
train,1662
train,2337
train,3914
train,4194
train,1444
train,3718
train,3710
train,2260
train,194
train,1211
train,2099
train,2310
train,2902
train,1822
train,2855
train,1130
train,1815
train,4303
train,1302
train,4461
train,222
train,1550
train,1467
train,573
train,1236
train,1675
train,1334
train,2117
train,418
train,1905
train,1104
train,257
train,295
train,2570
train,1803
train,3729
train,3888
train,3976
train,2817
train,3978
train,712
train,3941
train,4102
train,1618
train,3352
train,1289
train,449
train,3478
train,2240
train,958
train,1554
train,654
train,3270
train,3753
train,2025
train,2346
train,4236
train,411
train,2344
train,4008
train,2247
train,1903
train,1730
train,4428
train,3159
train,3038
train,430
train,3375
train,1366
train,4211
train,2429
train,1176
train,4286
train,2684
train,1552
train,102
train,3195
train,1522
train,1263
train,1874
train,1880
train,1720
train,3430
train,4523
train,2809
train,2699
train,2600
train,3677
train,3203
train,3511
train,1356
train,2882
train,1840
train,396
train,1064
train,3503
train,818
train,1859
train,2659
train,816
train,2525
train,3787
train,381
train,3406
train,1936
train,3129
train,3865
train,4168
train,4031
train,864
train,2572
train,4513
train,554
train,1159
train,1213
train,3036
train,1964
train,1971
train,2042
train,1697
train,652
train,748
train,1455
train,3639
train,2843
train,1519
train,866
train,752
train,3887
train,2409
train,4210
train,2095
train,2250
train,1746
train,729
train,4359
train,2127
train,3378
train,3619
train,3904
train,1110
train,4128
train,3578
train,346
train,4516
train,3404
train,4312
train,578
train,75
train,1429
train,3366
train,4083
train,2354
train,4567
train,3630
train,178
train,4124
train,3725
train,2177
train,3699
train,604
train,3166
train,25
train,658
train,2825
train,3768
train,173
train,3980
train,331
train,2640
train,1454
train,342
train,3237
train,2184
train,1088
train,479
train,727
train,3412
train,976
train,4611
train,2535
train,1468
train,4073
train,1915
train,1299
train,2545
train,4247
train,660
train,2932
train,2534
train,2658
train,3317
train,1773
train,4071
train,1992
train,3058
train,4526
train,1723
train,2716
train,1278
train,4285
train,3336
train,2414
train,67
train,2533
train,221
train,3658
train,3953
train,3606
train,3555
train,88
train,3214
train,2445
train,2417
train,4465
train,1694
train,2348
train,3713
train,2654
train,4205
train,3760
train,3131
train,1143
train,397
train,1786
train,1665
train,2475
train,3815
train,2361
train,1398
train,2022
train,1096
train,3433
train,1350
train,2223
train,979
train,283
train,1298
train,4013
train,898
train,4439
train,4004
train,2118
train,613
train,3213
train,2614
train,2442
train,423
train,3892
train,3034
train,4391
train,1565
train,3652
train,3252
train,839
train,500
train,1954
train,2977
train,549
train,557
train,887
train,3573
train,4176
train,2488
train,218
train,2587
train,3513
train,1138
train,209
train,2702
train,2183
train,4395
train,550
train,1424
train,2639
train,2696
train,948
train,3617
train,1698
train,532
train,4123
train,3717
train,3288
train,3871
train,1602
train,3668
train,639
train,4459
train,967
train,0
train,2004
train,4525
train,2992
train,2226
train,2867
train,247
train,2138
train,3861
train,1835
train,4010
train,3022
train,3705
train,1862
train,4127
train,2631
train,2610
train,4558
train,272
train,4499
train,3560
train,278
train,952
train,3258
train,4223
train,2801
train,1684
train,3128
train,3277
train,2211
train,4349
train,2517
train,4025
train,2398
train,155
train,2441
train,985
train,1769
train,3784
train,2185
train,981
train,3901
train,2216
train,2266
train,4392
train,942
train,2880
train,3002
train,1400
train,1595
train,210
train,3265
train,1457
train,1509
train,1395
train,264
train,4271
train,1499
train,700
train,4173
train,644
train,4557
train,1405
train,1892
train,929
train,1907
train,2495
train,3132
train,2303
train,4489
train,246
train,3053
train,4511
train,3749
train,923
train,4024
train,1185
train,268
train,669
train,3657
train,2341
train,3776
train,2540
train,1740
train,3163
train,2550
train,2940
train,648
train,543
train,4420
train,2615
train,3145
train,259
train,1736
train,4153
train,4332
train,927
train,612
train,1543
train,1023
train,2552
train,1152
train,219
train,4072
train,485
train,3187
train,1649
train,2227
train,258
train,3764
train,386
train,847
train,3814
train,2233
train,2672
train,1477
train,3733
train,3520
train,553
train,1233
train,1127
train,2293
train,3700
train,3318
train,4229
train,1095
train,1620
train,3806
train,2221
train,1320
train,3559
train,507
train,7
train,1609
train,3975
train,2652
train,4507
train,2714
train,4330
train,1450
train,1926
train,378
train,3629
train,4365
train,678
train,773
train,2101
train,1011
train,2943
train,2195
train,3065
train,3576
train,1983
train,65
train,3942
train,4404
train,4318
train,3020
train,679
train,2529
train,2694
train,781
train,3508
train,627
train,1749
train,2189
train,2114
train,2207
train,3082
train,1896
train,2789
train,883
train,1091
train,382
train,2503
train,3703
train,276
train,4356
train,31
train,2830
train,2318
train,3742
train,3665
train,610
train,3681
train,570
train,4517
train,343
train,2554
train,3670
train,1702
train,2673
train,3956
train,4172
train,3565
train,1842
train,1089
train,2796
train,1135
train,4339
train,1537
train,2274
train,1876
train,841
train,1600
train,3262
train,2803
train,1517
train,965
train,4026
train,528
train,176
train,1621
train,422
train,3648
train,2277
train,4164
train,2646
train,1377
train,572
train,1995
train,3667
train,3315
train,288
train,4227
train,2119
train,3429
train,2364
train,2320
train,4520
train,2619
train,2213
train,3383
train,2015
train,2432
train,4324
train,383
train,4036
train,370
train,4035
train,2436
train,4338
train,2666
train,4407
train,3662
train,1105
train,4251
train,2080
train,3355
train,3547
train,141
train,4243
train,491
train,2329
train,3855
train,198
train,2496
train,4503
train,4473
train,1171
train,1226
train,1783
train,2222
train,1422
train,3837
train,3889
train,4160
train,2984
train,195
train,1556
train,3720
train,874
train,3158
train,1873
train,4188
train,3455
train,3893
train,1251
train,2016
train,840
train,4183
train,581
train,3912
train,1752
train,1641
train,2776
train,2547
train,1871
train,905
train,631
train,4334
train,3018
train,162
train,2700
train,2440
train,4149
train,413
train,617
train,4556
train,1431
train,925
train,3638
train,547
train,2840
train,4196
train,3676
train,1566
train,1592
train,2059
train,2691
train,3870
train,2131
train,3458
train,4496
train,1861
train,611
train,1336
train,2848
train,640
train,930
train,2949
train,3622
train,742
train,637
train,3114
train,2994
train,3756
train,4260
train,2643
train,3291
train,1097
train,2519
train,48
train,3631
train,4608
train,3502
train,3174
train,921
train,4494
train,546
train,3116
train,3290
train,756
train,2721
train,3562
train,1872
train,3063
train,3013
train,2276
train,1885
train,4403
train,1642
train,2988
train,4437
train,2426
train,4032
train,3032
train,4148
train,4582
train,836
train,3501
train,601
train,3153
train,1894
train,3792
train,2833
train,3633
train,1582
train,3757
train,2172
train,1070
train,1775
train,4436
train,1283
train,2598
train,3161
train,4387
train,3862
train,3568
train,4015
train,3967
train,2726
train,1326
train,2024
train,4018
train,2889
train,2934
train,1651
train,3396
train,3785
train,2339
train,4468
train,3702
train,4138
train,1373
train,4401
train,2530
train,3076
train,2531
train,1727
train,867
train,926
train,1140
train,997
train,1337
train,3933
train,1099
train,1132
train,3829
train,2325
train,3388
train,59
train,1938
train,2208
train,4552
train,1078
train,2486
train,2664
train,940
train,1080
train,187
train,4238
train,4512
train,2023
train,4272
train,3443
train,3066
train,226
train,3964
train,1929
train,2602
train,4144
train,1404
train,697
train,1124
train,4424
train,2487
train,1778
train,3671
train,1037
train,3607
train,313
train,1416
train,1036
train,3587
train,1754
train,3323
train,2728
train,2850
train,2918
train,1506
train,1923
train,3992
train,2104
train,2168
train,4584
train,361
train,1134
train,3295
train,1830
train,1053
train,22
train,2066
train,1653
train,2217
train,3519
train,2387
train,3438
train,460
train,1067
train,87
train,3499
train,2267
train,282
train,462
train,212
train,2146
train,1368
train,234
train,4319
train,597
train,4058
train,3427
train,662
train,4578
train,4357
train,2718
train,3537
train,779
train,3489
train,4454
train,3910
train,685
train,2698
train,2351
train,2282
train,1850
train,3990
train,1688
train,4456
train,782
train,521
train,522
train,3485
train,3361
train,4394
train,3173
train,2407
train,1511
train,1882
train,651
train,3488
train,369
train,2259
train,118
train,3500
train,2585
train,3015
train,1613
train,3423
train,962
train,2543
train,4447
train,2583
train,4551
train,3695
train,2406
train,2037
train,772
train,1284
train,4375
train,1414
train,1234
train,2309
train,435
train,1674
train,365
train,2269
train,231
train,4376
train,3711
train,407
train,2090
train,86
train,844
train,4092
train,2252
train,2725
train,2749
train,855
train,78
train,4220
train,4479
train,2481
train,2478
train,2225
train,3691
train,3830
train,2915
train,2176
train,424
train,392
train,4367
train,104
train,4580
train,1948
train,1459
train,2771
train,2392
train,2316
train,3965
train,1587
train,3111
train,1731
train,3154
train,3127
train,1791
train,1940
train,702
train,2401
train,496
train,464
train,2298
train,3886
train,172
train,2620
train,2775
train,4438
train,2112
train,900
train,1446
train,3041
train,741
train,3575
train,3469
train,1206
train,509
train,3839
train,4601
train,1549
train,2780
train,2202
train,2044
train,767
train,4495
train,4328
train,421
train,123
train,3586
train,2249
train,819
train,1403
train,1382
train,2148
train,1575
train,1638
train,1795
train,4443
train,399
train,3908
train,4587
train,2468
train,1352
train,2347
train,4200
train,2130
train,982
train,456
train,3218
train,4304
train,1950
train,3841
train,3686
train,641
train,1953
train,4202
train,4030
train,4399
train,4054
train,1884
train,4421
train,2656
train,2463
train,845
train,542
train,91
train,4472
train,1979
train,2399
train,4400
train,2471
train,1676
train,1048
train,1960
train,237
train,4364
train,1133
train,1805
train,3550
train,163
train,3089
train,4350
train,4254
train,4175
train,4007
train,3411
train,4207
train,1811
train,2649
train,3874
train,3071
train,2388
train,2887
train,4118
train,4294
train,2405
train,1452
train,593
train,41
train,560
train,2505
train,2591
train,243
train,1339
train,3282
train,2520
train,3225
train,1442
train,261
train,4574
train,1689
train,1725
train,3454
train,834
train,1866
train,2010
train,340
train,1601
train,4566
train,4335
train,480
train,4050
train,4283
train,3738
train,3649
train,1766
train,4130
train,2451
train,3240
train,3413
train,3372
train,1271
train,2623
train,4155
train,3119
train,347
train,3296
train,4269
train,4239
train,1423
train,656
train,2102
train,632
train,3151
train,3113
train,4270
train,3408
train,3405
train,1465
train,2415
train,115
train,1821
train,1494
train,1232
train,2483
train,1153
train,4213
train,57
train,3788
train,4560
train,1735
train,2196
train,3024
train,2689
train,3107
train,707
train,1093
train,3918
train,1376
train,72
train,1922
train,4317
train,1764
train,743
train,2452
train,1005
train,1190
train,2715
train,1125
train,1241
train,4237
train,3655
train,2929
train,998
train,1577
train,4419
train,1826
train,3548
train,4602
train,3010
train,440
train,1100
train,2605
train,649
train,1546
train,3012
train,3612
train,630
train,672
train,1249
train,482
train,1584
train,4273
train,2589
train,1462
train,3341
train,3382
train,49
train,3790
train,2603
train,858
train,1072
train,719
train,2688
train,1660
train,1656
train,2425
train,3000
train,3684
train,4588
train,4012
train,4133
train,4386
train,3526
train,1385
train,4452
train,1399
train,1195
train,1408
train,3247
train,1798
train,1475
train,3970
train,35
train,3014
train,2345
train,2705
train,2359
train,2206
train,3200
train,1286
train,349
train,3698
train,2662
train,1681
train,1443
train,3308
train,1671
train,2922
train,1179
train,3592
train,4093
train,4451
train,1916
train,1357
train,1825
train,786
train,469
train,140
train,788
train,323
train,3504
train,714
train,4143
train,2446
train,4441
train,4056
train,4244
train,2567
train,406
train,3359
train,1004
train,2962
train,890
train,2411
train,4139
train,2390
train,3349
train,3909
train,2819
train,303
train,4166
train,4398
train,664
train,1177
train,1947
train,2501
train,4232
train,2997
train,2132
train,3821
train,961
train,2009
train,2149
train,2829
train,2338
train,3303
train,304
train,1440
train,1496
train,916
train,3614
train,3162
train,1624
train,3257
train,821
train,2810
train,1354
train,4151
train,850
train,1000
train,2873
train,18
train,1637
train,1667
train,493
train,3515
train,3167
train,687
train,3169
train,1608
train,3881
train,2893
train,1009
train,2408
train,1092
train,1327
train,1677
train,1999
train,1310
train,1987
train,3103
train,344
train,3583
train,986
train,3269
train,3838
train,3400
train,2634
train,3875
train,1142
train,2358
train,1198
train,85
train,1518
train,3572
train,1381
train,2628
train,1014
train,128
train,1364
train,3081
train,2661
train,891
train,3659
train,1359
train,307
train,1661
train,2431
train,3344
train,1317
train,3819
train,2474
train,2542
train,4310
train,1208
train,216
train,3797
train,2609
train,1239
train,2289
train,275
train,489
train,1035
train,1229
train,1008
train,3451
train,3759
train,2532
train,4136
train,1058
train,2166
train,281
train,3035
train,1316
train,4592
train,968
train,2663
train,3557
train,4533
train,3074
train,619
train,3635
train,1742
train,1390
train,4362
train,1847
train,1579
train,1655
train,2352
train,2212
train,2020
train,1956
train,1307
train,2003
train,575
train,3477
train,3651
train,1706
train,3179
train,2954
train,3915
train,861
train,1801
train,1628
train,1993
train,269
train,629
train,2334
train,300
train,459
train,1447
train,1472
train,2046
train,3683
train,3198
train,2113
train,3832
train,3259
train,837
train,4084
train,2008
train,4527
train,503
train,2727
train,3593
train,380
train,3641
train,1525
train,3661
train,2748
train,2340
train,374
train,2815
train,2381
train,3826
train,939
train,3268
train,3589
train,2147
train,4502
train,2068
train,529
train,3168
train,636
train,1269
train,185
train,3243
train,2707
train,2939
train,1797
train,1441
train,4190
train,4497
train,1535
train,1273
train,3492
train,607
train,1712
train,2199
train,955
train,2579
train,3311
train,2875
train,403
train,2071
train,4449
train,1977
train,158
train,1748
train,3008
train,902
train,352
train,1230
train,4313
train,2140
train,444
train,4563
train,754
train,1737
train,4593
train,311
train,548
train,4379
train,4471
train,306
train,2335
train,694
train,2356
train,1927
train,3996
train,749
train,2763
train,1266
train,3977
train,3003
train,3386
train,970
train,13
train,873
train,808
train,514
train,4129
train,409
train,2897
train,3896
train,207
train,2743
train,458
train,2955
train,2430
train,3109
train,3782
train,3182
train,3439
train,1883
train,1713
train,3365
train,3751
train,552
train,1439
train,2270
train,4411
train,1925
train,634
train,4433
train,316
train,3669
train,4340
train,1328
train,427
train,4052
train,105
train,142
train,2169
train,2835
train,4088
train,2241
train,3312
train,2163
train,2636
train,1949
train,1768
train,2272
train,1
train,2793
train,4572
train,1951
train,3484
train,3804
train,2720
train,3903
train,1109
train,3518
train,591
train,1695
train,3653
train,3959
train,1576
train,4242
train,213
train,778
train,3716
train,3194
train,2043
train,4187
train,2985
train,3238
train,1567
train,3938
train,4355
train,3049
train,4544
train,1343
train,2013
train,273
train,71
train,4486
train,1087
train,394
train,583
train,1367
train,4600
train,3495
train,2548
train,3505
train,4519
train,4417
train,3398
train,4075
train,1763
train,3919
train,1259
train,4182
train,2253
train,2781
train,526
train,377
train,1559
train,3244
train,1963
train,4371
train,348
train,2434
train,2246
train,3590
train,1709
train,1050
train,590
train,519
train,4147
train,3523
train,2477
train,1083
train,3052
train,4408
train,4163
train,1294
train,1809
train,791
train,792
train,3646
train,1980
train,3321
train,2879
train,1530
train,1410
train,3802
train,4293
train,83
train,4081
train,2350
train,20
train,4430
train,4393
train,1562
train,973
train,1710
train,3384
train,1098
train,3585
train,2844
train,886
train,4301
train,4230
train,4017
train,515
train,737
train,1453
train,3416
train,4341
train,2506
train,2126
train,906
train,3102
train,3822
train,2507
train,2428
train,947
train,3232
train,3460
train,715
train,3507
train,686
train,703
train,2353
train,2257
train,3833
train,21
train,2752
train,885
train,3966
train,917
train,3192
train,4161
train,2239
train,3264
train,1265
train,483
train,4579
train,1219
train,277
train,988
train,2084
train,1245
train,2382
train,571
train,1435
train,993
train,2937
train,4114
train,585
train,3604
train,2514
train,1349
train,1007
train,674
train,2412
train,2903
train,447
train,4065
train,3193
train,3895
train,2064
train,4109
train,4104
train,1690
train,1548
train,1247
train,1985
train,294
train,1547
train,2012
train,588
train,2403
train,2129
train,3984
train,3817
train,2719
train,425
train,2582
train,1054
train,3712
train,4212
train,556
train,3928
train,3347
train,4353
train,4063
train,4351
train,3750
train,1193
train,1716
train,2604
train,4005
train,2828
train,1704
train,2863
train,2618
train,2400
train,2139
train,2383
train,3181
train,1285
train,3223
train,3260
train,4125
train,2087
train,1889
train,1591
train,1346
train,4086
train,2162
train,2396
train,3098
train,2271
train,4145
train,1137
train,3309
train,972
train,795
train,1711
train,36
train,453
train,913
train,3471
train,1199
train,1274
train,2375
train,37
train,974
train,983
train,3462
train,1418
train,1560
train,39
train,1486
train,3298
train,169
train,1355
train,3951
train,3274
train,4383
train,3402
train,2682
train,3422
train,1640
train,1290
train,1380
train,1933
train,579
train,4277
train,2030
train,892
train,780
train,159
train,2
train,4528
train,2109
train,849
train,2737
train,2466
train,4382
train,1596
train,1776
train,1913
train,1043
train,1544
train,2736
train,3148
train,53
train,1796
train,1911
train,3688
train,2553
train,2800
train,3475
train,3527
train,824
train,4372
train,1389
train,884
train,3231
train,1607
train,1594
train,771
train,2611
train,2273
train,1868
train,1085
train,3540
train,1325
train,1463
train,806
train,3172
train,3767
train,2108
train,3694
train,4571
train,2234
train,963
train,3188
train,398
train,2632
train,4476
train,2996
train,704
train,431
train,292
train,4490
train,145
train,3554
train,2033
train,3656
train,1165
train,2050
train,2624
train,3971
train,339
train,3442
train,2973
train,265
train,2424
train,4039
train,1771
train,271
train,696
train,747
train,244
train,317
train,476
train,2032
train,957
train,3241
train,813
train,1914
train,4250
train,1297
train,1804
train,3744
train,250
train,2461
train,545
train,738
train,310
train,2941
train,1131
train,1449
train,4539
train,15
train,2769
train,920
train,3029
train,4522
train,2544
train,38
train,363
train,3664
train,182
train,3033
train,2983
train,1194
train,2852
train,3199
train,1121
train,2235
train,2667
train,3142
train,1182
train,3801
train,614
train,1466
train,401
train,3042
train,934
train,2419
train,3425
train,2641
train,3414
train,726
train,826
train,1521
train,4381
train,4059
train,136
train,628
train,334
train,390
train,3982
train,4498
train,3253
train,1817
train,400
train,710
train,1039
train,3390
train,46
train,1561
train,4427
train,4469
train,1112
train,2513
train,1223
train,3453
train,3023
train,2421
train,1508
train,1750
train,4463
train,3551
train,1799
train,338
train,215
train,1341
train,11
train,1520
train,3346
train,4095
train,3004
train,2864
train,3115
train,3496
train,2322
train,2571
train,2913
train,101
train,3714
train,171
train,107
train,3647
train,4604
train,3803
train,3456
train,3279
train,3521
train,3463
train,4537
train,4033
train,4440
train,1040
train,3624
train,2760
train,2120
train,1524
train,153
train,2248
train,481
train,3689
train,3828
train,3525
train,1762
train,4431
train,750
train,1785
train,3897
train,3542
train,405
train,757
train,2711
train,2670
train,4597
train,97
train,1333
train,4111
train,2791
train,2854
train,186
train,3401
train,4089
train,2058
train,3650
train,148
train,28
train,4547
train,3407
train,692
train,2866
train,1386
train,1845
train,4370
train,3937
train,1599
train,3883
train,701
train,3028
train,2969
train,1708
train,2953
train,454
train,2868
train,2040
train,3628
train,2315
train,609
train,167
train,730
train,3728
train,2074
train,3435
train,1622
train,587
train,1401
train,3045
train,3224
train,1700
train,3088
train,3780
train,2981
train,4080
train,1379
train,2089
train,2175
train,3217
train,3873
train,3731
train,4049
train,2657
train,3180
train,2076
train,441
train,3899
train,2051
train,2541
train,1301
train,1781
train,4442
train,1304
train,236
train,2599
train,520
train,2573
train,3280
train,3186
train,2768
train,735
train,4344
train,2106
train,2679
train,3229
train,2761
train,592
train,1303
train,1387
train,4336
train,4266
train,3842
train,2987
train,4542
train,3297
train,904
train,4256
train,1279
train,933
train,4521
train,2308
train,1555
train,4184
train,4046
train,4101
train,706
train,4331
train,3070
train,745
train,1939
train,4016
train,2862
train,3395
train,513
train,81
train,4590
train,1308
train,4198
train,914
train,4432
train,4002
train,2198
train,774
train,329
train,2054
train,2001
train,943
train,822
train,4179
train,909
train,2516
train,181
train,164
train,1523
train,451
train,2538
train,3497
train,4406
train,1311
train,4001
train,1111
train,4197
train,1287
train,3609
train,3882
train,3600
train,3300
train,3310
train,4206
train,3125
train,327
train,1790
train,2490
train,2006
train,2007
train,1858
train,4327
train,312
train,832
train,3079
train,1201
train,3989
train,3392
train,2134
train,2209
train,3999
train,1481
train,777
train,799
train,54
train,2972
train,3335
train,1920
train,4291
train,3722
train,1701
train,3293
train,2161
train,1136
train,987
train,4076
train,4087
train,3057
train,3246
train,1394
train,2637
train,768
train,4343
train,3090
train,3215
train,285
train,4553
train,428
train,4108
train,2332
train,2717
train,2079
train,3389
train,722
train,951
train,4559
train,2262
train,989
train,3212
train,1759
train,4233
train,326
train,2608
train,1383
train,1724
train,1086
train,2523
train,341
train,147
train,4483
train,3432
train,1107
train,848
train,966
train,4368
train,1492
train,2203
train,3827
train,661
train,1002
train,4034
train,284
train,4038
train,4347
train,1879
train,4480
train,1203
train,1990
train,24
train,4477
train,3491
train,3598
train,3968
train,875
train,4380
train,938
train,2687
train,2394
train,4217
train,4594
train,3524
train,385
train,3957
train,4219
train,4275
train,2291
train,3615
train,936
train,4287
train,2360
train,201
train,3208
train,1332
train,3016
train,2708
train,1934
train,935
train,2418
train,566
train,1854
train,4126
train,2872
train,3030
train,1205
train,2467
train,1645
train,3417
train,3476
train,3673
train,2861
train,1792
train,1430
train,2826
train,3368
train,3367
train,3100
train,3997
train,1013
train,1928
train,3449
train,3877
train,3056
train,3931
train,126
train,3623
train,2935
train,3204
train,1347
train,3055
train,355
train,4300
train,2730
train,827
train,1639
train,3040
train,984
train,3281
train,4585
train,2188
train,4259
train,2443
train,362
train,2349
train,345
train,3564
train,4255
train,711
train,3205
train,3872
train,4423
train,3570
train,3325
train,10
train,1683
train,2116
train,4373
train,1834
train,793
train,3363
train,4561
train,2802
train,2674
train,94
train,3920
train,129
train,2891
train,2371
train,3858
train,3558
train,3332
train,3228
train,4538
train,2995
train,2263
train,1900
train,3783
train,814
train,3230
train,1932
train,3812
train,3708
train,2912
train,1865
train,1658
train,516
train,1857
train,2645
train,2243
train,1277
train,2336
train,950
train,3482
train,4009
train,3068
train,1120
train,4110
train,2597
train,2204
train,419
train,922
train,3800
train,477
train,2035
train,3761
train,1692
train,3820
train,3809
train,3571
train,1471
train,2601
train,1202
train,2438
train,2626
train,1669
train,4446
train,1970
train,3110
train,2151
train,820
train,1997
train,4530
train,3054
train,1248
train,3794
train,2712
train,992
train,2190
train,4308
train,1046
train,1888
train,2469
train,2847
train,3597
train,615
train,1318
train,1863
train,2343
train,2449
train,2136
train,1065
train,1772
train,4575
train,131
train,3721
train,3481
train,77
train,3450
train,2898
train,2052
train,4154
train,724
train,1314
train,3946
train,1851
train,2317
train,3960
train,872
train,1372
train,1855
train,4416
train,2965
train,4309
train,1319
train,2560
train,4518
train,2635
train,3745
train,3530
train,375
train,1908
train,333
train,3885
train,3972
train,2365
train,1604
train,1118
train,3490
train,4487
train,3621
train,1943
train,2958
train,3900
train,4570
train,3947
train,2376
train,4466
train,1342
train,320
train,1619
train,4159
train,2060
train,2945
train,2219
train,1673
train,1942
train,260
train,4053
train,2039
train,689
train,901
train,2306
train,2026
train,2892
train,4444
train,138
train,1917
train,1828
train,1573
train,319
train,653
train,2137
train,3998
train,558
train,2187
train,112
train,531
train,224
train,723
train,4140
train,2883
train,1141
train,1433
train,2373
train,4337
train,3371
train,2220
train,1458
train,3097
train,1415
train,2762
train,846
train,193
train,1464
train,2621
train,946
train,2021
train,2551
train,1629
train,2928
train,117
train,645
train,1870
train,3
train,74
train,1755
train,467
train,3393
train,5
train,1246
train,919
train,2595
train,228
train,1063
train,2590
train,242
train,2946
train,3932
train,1160
train,4020
train,3735
train,1630
train,3853
train,3517
train,2890
train,3421
train,2563
train,2671
train,1526
train,1605
train,4455
train,2324
train,2709
train,4011
train,1312
train,3448
train,1989
train,4048
train,2362
train,1975
train,3514
train,1761
train,3391
train,1305
train,2739
train,1541
train,4302
train,2472
train,3625
train,2642
train,2795
train,4121
train,622
train,3988
train,1493
train,110
train,2275
train,3906
train,1169
train,4169
train,232
train,66
train,4204
train,1603
train,2072
train,3283
train,3596
train,2192
train,536
train,2859
train,125
train,3545
train,2133
train,1254
train,1296
train,1976
train,4170
train,4006
train,2075
train,484
train,1654
train,1215
train,3086
train,3907
train,4201
train,3950
train,4178
train,3345
train,4122
train,1774
train,2410
train,2797
train,918
train,1646
train,1026
train,1030
train,882
train,1335
train,2746
train,3834
train,2713
train,364
train,4467
train,3287
train,2125
train,27
train,473
train,525
train,725
train,55
train,638
train,302
train,2766
train,4305
train,1276
train,1890
train,624
train,2055
train,1280
train,2851
train,1049
train,336
train,3644
train,47
train,2878
train,106
train,2397
train,1079
train,2286
train,2261
train,1144
train,2094
train,2296
train,2841
train,3144
train,1836
train,1753
train,1101
train,1968
train,3916
train,3117
train,2393
train,523
train,2280
train,2692
train,4106
train,2885
train,1428
train,2581
train,681
train,603
train,1489
train,4047
train,3860
train,4458
train,3122
train,4157
train,60
train,1969
train,671
train,92
train,666
train,3891
train,1887
train,3266
train,280
train,1719
train,3926
train,359
train,899
train,3591
train,1935
train,4475
train,1994
train,3986
train,2895
train,3254
train,3734
train,760
train,2158
train,1906
train,3823
train,42
train,3818
train,2173
train,204
train,1473
train,2100
train,3845
train,2593
train,68
train,3936
train,1875
train,3579
train,2832
train,4100
train,3472
train,2231
train,137
train,2947
train,796
train,2180
train,2128
train,3634
train,3177
train,758
train,541
train,1019
train,3945
train,3031
train,3552
train,165
train,248
train,1331
train,2017
train,446
train,2482
train,2906
train,1358
train,2845
train,3921
train,2145
train,1329
train,2853
train,2785
train,763
train,4078
train,3493
train,2150
train,434
train,2122
train,577
train,2900
train,1252
train,3278
train,2966
train,3374
train,2814
train,4418
train,2448
train,1848
train,762
train,3805
train,3037
train,388
train,235
train,1077
train,1984
train,267
train,3377
train,3962
train,770
train,2165
train,437
train,673
train,249
train,2201
train,1574
train,3143
train,2142
train,3419
train,2081
train,1823
train,487
train,880
train,448
train,1469
train,4554
train,716
train,684
train,50
train,2048
train,1901
train,4203
train,3149
train,3156
train,1168
train,82
train,3529
train,4137
train,2724
train,4174
train,3044
train,3094
train,1460
train,2818
train,1893
train,1668
train,3934
train,2756
train,2000
train,475
train,517
train,2870
train,404
train,384
train,4311
train,4354
train,2152
train,1633
train,4235
train,4509
train,688
train,2842
train,2874
train,3925
train,1240
train,62
train,3353
train,852
train,4422
train,2224
train,1262
train,223
train,2193
train,3136
train,373
train,1824
train,4248
train,3190
train,4515
train,4298
train,3322
train,3313
train,797
train,2871
train,9
train,2497
train,1944
train,1838
train,708
train,255
train,2930
train,1617
train,389
train,4162
train,3618
train,1581
train,2956
train,924
train,2799
train,4082
train,2508
train,3795
train,2036
train,4119
train,1224
train,3216
train,3006
train,2549
train,1946
train,3775
train,739
train,40
train,868
train,2779
train,539
train,3249
train,3387
train,2745
train,4152
train,89
train,2723
train,1371
train,1145
train,1031
train,372
train,667
train,3479
train,3019
train,357
train,2831
train,2783
train,1353
train,470
train,2703
train,3330
train,3637
train,1396
train,3584
train,4141
train,3376
train,1256
train,3512
train,1250
train,4435
train,3284
train,2933
train,1852
train,4492
train,2105
train,133
train,928
train,823
train,4193
train,1531
train,1214
train,504
train,1996
train,3072
train,1958
train,1384
train,894
train,455
train,4281
train,3709
train,4264
train,3522
train,4134
train,3602
train,713
train,2214
train,2923
train,1810
train,3486
train,3141
train,1827
train,1155
train,1324
train,510
train,1680
train,499
train,4186
train,1856
train,1388
train,3719
train,2386
train,3236
train,1540
train,1217
train,2681
train,2993
train,1191
train,1542
train,3301
train,3324
train,2539
train,953
train,732
train,1156
train,3294
train,2982
train,2156
train,1062
train,2616
train,1167
train,3222
train,3636
train,2938
train,3140
train,143
train,3577
train,2782
train,717
train,1819
train,2502
train,4171
train,395
train,4462
train,1365
train,4208
train,595
train,3952
train,2914
train,2326
train,3766
train,3440
train,3851
train,4132
train,4240
train,2143
train,1571
train,4079
train,1122
train,2786
train,2967
train,2504
train,3465
train,675
train,2808
train,3348
train,728
train,412
train,3146
train,1516
train,825
train,3267
train,3974
train,616
train,114
train,417
train,3069
train,1625
train,4565
train,4185
train,2896
train,4314
train,2082
train,753
train,2546
train,3969
train,3373
train,4107
train,2444
train,1066
train,3913
train,3498
train,2738
train,4000
train,1568
train,2427
train,3746
train,4284
train,1687
train,851
train,3546
train,895
train,335
train,2839
train,3087
train,1348
train,1015
train,2816
train,1631
train,2489
train,3730
train,3251
train,4279
train,2070
train,4504
train,1635
train,2479
train,2265
train,2959
train,3059
train,2141
train,3118
train,4366
train,4045
train,3356
train,2744
train,3506
train,1679
train,4249
train,3147
train,2294
train,580
train,1470
train,4070
train,3343
train,3672
train,559
train,2849
train,512
train,1081
train,1664
train,1012
train,1931
train,1150
train,2838
train,116
train,740
train,4434
train,3675
train,830
train,119
train,4409
train,4377
train,635
train,4142
train,991
train,876
train,4
train,3051
train,3124
train,2660
train,2491
train,3854
train,1715
train,1148
train,3261
train,574
train,3769
train,3736
train,4146
train,853
train,1982
train,2774
train,1166
train,971
train,2701
train,3847
train,2368
train,4115
train,4131
train,2950
train,524
train,2455
train,1841
train,537
train,2806
train,3175
train,784
train,4057
train,1409
train,2537
train,154
train,3009
train,1686
train,2901
train,4564
train,3863
train,2733
train,1895
train,569
train,1816
train,2065
train,127
train,3394
train,3327
train,4599
train,2975
train,980
train,2300
train,190
train,1139
train,699
train,4410
train,606
train,4276
train,301
train,3420
train,4448
train,1060
train,2565
train,4607
train,1069
train,2524
train,2205
train,1243
train,16
train,3120
train,815
train,3067
train,959
train,225
train,3354
train,2485
train,562
train,3436
train,1693
train,1045
train,3446
train,954
train,2735
train,4524
train,1218
train,1527
train,3987
train,1300
train,160
train,4067
train,956
train,3791
train,3234
train,2869
train,3777
train,2961
train,2200
train,98
train,2557
train,3183
train,253
train,3923
train,4199
train,1445
train,1648
train,3991
train,1696
train,3191
train,1154
train,2255
train,1682
train,3170
train,2056
train,4090
train,3108
train,3723
train,2049
train,3643
train,4545
train,623
train,262
train,3369
train,4061
train,1802
train,4605
train,2385
train,1959
train,2976
train,488
train,1843
train,1734
train,2911
train,3219
train,146
train,1986
train,1369
train,2811
train,659
train,1794
train,2511
train,3397
train,4282
train,1147
train,3272
train,608
train,3582
train,1930
train,197
train,2931
train,2327
train,4389
train,766
train,4218
train,3255
train,202
train,3510
train,1733
train,2777
train,1707
train,3474
train,854
train,4097
train,2160
train,698
train,4562
train,2999
train,3696
train,1636
train,3457
train,3581
train,1291
train,1853
train,3763
train,3304
train,4532
train,3743
train,3445
train,1998
train,663
train,3748
train,4413
train,709
train,1282
train,2675
train,4029
train,1306
train,2237
train,3302
train,2038
train,1529
train,1663
train,4550
train,4568
train,3627
train,2693
train,3060
train,1597
train,2729
train,2625
train,3157
train,3314
train,1722
train,1059
train,3242
train,1678
train,1757
train,4191
train,563
train,2790
train,863
train,1484
train,206
train,4488
train,870
train,4493
train,502
train,1028
train,3840
train,2690
train,1570
train,2773
train,2731
train,804
train,3645
train,2454
train,3104
train,200
train,3099
train,2278
train,3561
train,4474
train,4514
train,391
train,1495
train,2695
train,2027
train,2568
train,64
train,3884
train,2062
train,492
train,379
train,3993
train,1076
train,878
train,337
train,1016
train,1275
train,3798
train,3342
train,995
train,1981
train,4297
train,161
train,1500
train,3843
train,2613
train,3461
train,1021
train,3073
train,3943
train,1585
train,1955
train,3152
train,34
train,4014
train,775
train,2556
train,1478
train,1363
train,2612
train,2824
train,2041
train,241
train,2061
train,2363
train,600
train,2435
train,2888
train,646
train,3890
train,3556
train,3202
train,1528
train,1267
train,1899
train,3005
train,2734
train,189
train,1806
train,975
train,2747
train,2047
train,2558
train,1082
train,474
train,2904
train,4117
train,3385
train,4555
train,1184
train,2433
train,2391
train,769
train,1685
train,130
train,2919
train,3171
train,3444
train,4426
train,466
train,3092
train,3772
train,860
test,1073
test,2750
test,1374
test,4485
test,3338
test,787
test,23
test,26
test,100
test,1115
test,33
test,3697
test,889
test,2655
test,1612
test,2144
test,2307
test,555
test,3687
test,387
test,3660
test,1034
test,2480
test,3095
test,199
test,2460
test,3902
test,2653
test,3424
test,230
test,705
test,69
test,3961
test,798
test,3531
test,3078
test,2098
test,1615
test,2772
test,240
test,3553
test,3220
test,1598
test,3227
test,1747
test,2287
test,4296
test,3091
test,1330
test,1800
test,676
test,1751
test,416
test,4064
test,2968
test,4099
test,693
test,1820
test,3924
test,721
test,731
test,4062
test,4040
test,3155
test,3752
test,1569
test,3642
test,1909
test,1782
test,871
test,296
test,2155
test,3533
test,3196
test,1264
test,1244
test,4576
test,2083
test,4325
test,2283
test,3339
test,2989
test,4445
test,1533
test,1102
test,2860
test,4583
test,3351
test,2751
test,586
test,896
test,1789
test,1829
test,3176
test,1474
test,1741
test,1952
test,1055
test,2960
test,8
test,505
test,1672
test,594
test,3939
test,2314
test,1129
test,625
test,3239
test,3084
test,1670
test,1784
test,1200
test,1344
test,4429
test,2093
test,2758
test,911
test,354
test,252
test,2377
test,4464
test,3869
test,4228
test,3164
test,2088
test,544
test,2313
test,2740
test,2230
test,3781
test,3428
test,2186
test,3640
test,4478
test,945
test,3178
test,3741
test,2389
test,1222
test,471
test,135
test,297
test,2067
test,2580
test,29
test,315
test,838
test,879
test,4609
test,3077
test,626
test,3808
test,79
test,3350
test,1231
test,2566
test,833
test,4292
test,2197
test,4612
test,1056
test,1632
test,4177
test,1242
test,179
test,1945
test,2812
test,4280
test,2627
test,691
test,4603
test,2484
test,1957
test,1126
test,1425
test,3737
test,1052
test,415
test,4234
test,4091
test,291
test,12
test,4589
test,1412
test,2856
test,3930
test,2757
test,915
test,1051
test,1068
test,4245
test,3096
test,3415
test,2899
test,3594
test,1038
test,937
test,2028
test,4505
test,3539
test,465
test,4295
test,4003
test,3680
test,907
test,1432
test,1514
test,3126
test,1402
test,1476
test,812
test,1837
test,2805
test,151
test,4041
test,2450
test,3340
test,3580
test,3995
test,350
test,371
test,3271
test,2244
test,4261
test,4150
test,1627
test,3693
test,776
test,4216
test,2174
test,4069
test,642
test,4540
test,3418
test,3866
test,869
test,157
test,530
test,2374
test,2232
test,3663
test,2522
test,670
test,3739
test,3101
test,3334
test,2171
test,2242
test,2512
test,2510
test,4043
test,4074
test,2710
test,3331
test,2576
test,2493
test,2704
test,2404
test,2881
test,238
test,1756
test,2837
test,2182
test,1967
test,4363
test,4591
test,2559
test,2706
test,3329
test,764
test,4167
test,1411
test,683
test,1743
test,109
test,3868
test,3043
test,633
test,1119
test,567
test,51
test,596
test,1937
test,1417
test,1268
test,233
test,2884
test,4326
test,4470
test,414
test,4541
test,478
test,3292
test,561
test,2942
test,3654
test,1988
test,3447
test,132
test,4405
test,621
test,120
test,893
test,3807
test,1010
test,2091
test,4215
test,2886
test,134
test,2281
test,960
test,3046
test,949
test,1174
test,4482
test,2680
test,429
test,1877
test,17
test,2284
test,1718
test,1705
test,1918
test,1057
test,2256
test,2594
test,2651
test,122
test,497
test,468
test,1164
test,3836
test,2492
test,2991
test,3543
test,2644
test,1867
test,3852
test,1572
test,1103
test,1972
test,3080
test,1760
test,3599
test,4060
test,1419
test,3138
test,3134
test,2295
test,274
test,1210
test,1513
test,668
test,2732
test,2499
test,93
test,657
test,4263
test,931
test,2518
test,1886
test,3062
test,3535
test,4453
test,2251
test,856
test,298
test,533
test,1728
test,1729
test,3762
test,4103
test,3922
test,2292
test,800
test,3958
test,803
test,877
test,3470
test,4329
test,3574
test,376
test,1180
test,1090
test,1502
test,2948
test,1020
test,2476
test,4051
test,2384
test,996
test,969
test,3701
test,2238
test,2321
test,177
test,2788
test,1315
test,3605
test,3185
test,144
test,472
test,175
test,598
test,287
test,2465
test,45
test,2355
test,3494
test,3333
test,4022
test,2191
test,2366
test,4546
test,3825
test,3674
test,4042
test,2767
test,3233
test,1586
test,4289
test,3434
test,2029
test,2927
test,964
test,677
test,2521
test,2302
test,443
test,149
test,4116
test,1626
test,3541
test,1793
test,3306
test,1157
test,2920
test,4209
test,4361
test,1814
test,1434
test,4414
test,1717
test,3850
test,807
test,1779
test,4384
test,538
test,4510
test,2917
test,322
test,2957
test,1557
test,308
test,1162
test,765
test,1545
test,2894
test,534
test,3197
test,2178
test,2115
test,4352
test,19
test,4265
test,3608
test,486
test,3857
test,438
test,4113
test,4598
test,3319
test,2798
test,1643
test,789
test,582
test,2462
test,3765
test,290
test,3724
test,1833
test,4543
test,3879
test,70
test,203
test,2473
test,1614
test,843
test,1912
test,3732
test,584
test,1961
test,3567
test,655
test,3754
test,3549
test,4529
test,4156
test,3747
test,4595
test,3793
test,4388
test,1375
test,61
test,944
test,4531
test,1288
test,3210
test,2753
test,318
test,3207
test,3810
test,3707
test,2584
test,3221
test,3979
test,718
test,3534
test,214
test,4450
test,3328
test,1258
test,1652
test,1323
test,3532
test,196
test,828
test,3184
test,3778
test,1480
test,1623
test,1818
test,4501
test,3917
test,1253
test,96
test,4028
test,139
test,1281
test,2528
test,1192
test,3601
test,1183
test,2311
test,463
test,4348
test,3773
test,1505
test,3441
test,4500
test,1116
test,3682
test,3452
test,3326
test,1807
test,1551
test,150
test,2333
test,2677
test,2297
test,4457
test,457
test,977
test,1270
test,239
test,4323
test,2952
test,3844
test,3437
test,2086
test,2905
test,3603
test,3263
test,734
test,2921
test,2005
test,1042
test,1378
test,3487
test,2210
test,3357
test,2285
test,1128
test,99
test,4222
test,4536
test,191
test,3483
test,4606
test,1255
test,1498
test,4181
test,1721
test,3189
test,4077
test,4369
test,2575
test,4246
test,1345
test,1765
test,811
test,1361
test,2413
test,3466
test,802
test,3380
test,1580
test,166
test,1018
test,2827
test,1813
test,2807
test,4320
test,95
test,2944
test,1832
test,3027
test,3595
test,80
test,1392
test,4257
test,1338
test,152
test,1027
test,3911
test,3021
test,1228
test,2167
test,1197
test,2439
test,3944
test,3678
test,1204
test,3160
test,1397
test,1041
test,842
test,309
test,3859
test,1196
test,2422
test,2378
test,1881
test,3165
test,1780
test,495
test,4307
test,184
test,205
test,410
test,2331
test,2288
test,3137
test,305
test,1714
test,168
test,2569
test,1212
test,2998
test,2323
test,2820
test,2092
test,211
test,2755
test,84
test,3789
test,3613
test,2926
test,2648
test,1117
test,1024
test,2085
test,2979
test,3403
test,4192
test,4112
test,3075
test,3050
test,180
test,4481
test,432
test,289
test,4252
test,746
test,3740
test,4577
test,188
test,1744
test,1483
test,279
test,366
test,1650
test,270
test,3467
test,4581
test,1539
test,1910
test,3139
test,111
test,1924
test,367
test,1448
test,220
test,4068
test,3206
test,3824
test,2858
test,1504
test,461
test,4021
test,3064
test,551
test,3112
test,3409
test,2555
test,4253
test,4586
test,1292
test,402
test,3620
test,4226
test,4396
test,1839
test,650
test,3211
test,1777
test,3544
test,1610
test,2754
test,1084
test,192
test,1919
test,1860
test,1532
test,314
test,2304
test,4037
test,3226
test,3362
test,4135
test,113
test,4258
test,2742
test,90
test,4596
test,2574
test,3894
test,829
test,1025
test,4180
test,2111
test,1272
test,3994
test,4491
test,1029
test,805
test,3528
test,1461
test,4360
test,3538
test,1510
test,4534
test,1536
test,4535
test,1221
test,2179
test,2877
test,3305
test,759
test,2228
test,3813
test,2018
test,2437
test,2420
test,4274
test,450
test,4098
test,4333
test,790
test,602
test,4231
test,2498
test,1170
test,4189
test,3770
test,3755
test,3273
test,254
test,3133
test,511
test,3774
test,1941
test,73
test,994
test,1094
test,43
test,2562
test,859
test,4225
test,599
test,1108
test,3235
test,3509
test,3929
test,426
test,605
test,494
test,351
test,3135
test,3093
test,2980
test,1808
test,1420
test,2764
test,1149
test,2813
test,810
test,618
test,4610
test,3410
test,4484
test,2379
test,3106
test,3536
test,3610
test,1061
test,3245
test,2328
test,1187
test,1047
test,3399
test,356
test,2722
test,1482
test,3796
test,2647
test,999
test,831
test,1189
test,2494
test,251
test,4096
test,1745
test,680
test,4055
test,1321
test,3083
test,3771
test,4397
test,332
test,3985
test,751
test,720
test,4214
test,1758
test,2330
test,3867
test,1904
test,3588
test,1503
test,4019
test,3025
test,1787
test,1370
test,2124
test,2778
test,589
test,3370
test,445
test,1864
test,3431
test,3017
test,3864
test,452
test,1032
test,1437
test,2622
test,1487
test,1106
test,14
test,2876
test,2245
test,1563
test,565
test,3954
test,3121
test,360
test,2372
test,3250
test,4299
test,881
test,3569
test,2342
test,2194
test,2578
test,3001
test,2697
test,2834
test,568
test,2218
test,1846
test,2971
test,2792
test,4506
test,4425
test,1123
test,1739
test,490
test,2268
test,862
test,3632
test,1351
test,2159
test,1001
test,2107
test,3276
test,3286
test,2638
test,506
test,393
test,2380
test,1512
test,1479
test,4358
test,2002
test,1891
test,2765
test,4044
test,1849
test,1451
test,2910
test,2588
test,3209
test,3105
test,2254
test,433
test,2686
test,4120
test,1699
test,2416
test,2770
test,2110
test,1426
test,2019
test,1113
test,1044
test,3563
test,2097
test,2970
test,1921
test,1261
test,3048
test,1844
test,156
test,2536
test,4066
test,3935
test,3666
test,643
test,1295
test,1488
test,1158
test,4195
test,3816
test,2794
test,3704
test,3473
test,330
test,2073
test,2857
test,1666
test,3779
test,227
test,1181
test,1991
test,2907
test,2470
test,2423
test,1659
test,527
test,2319
test,1293
test,3047
test,755
test,518
test,1973
test,3307
test,32
test,2822
test,1965
test,2515
test,3379
test,4342
test,2312
test,1340
test,2459
test,744
test,733
test,3973
test,4221
test,3876
test,2964
test,501
test,794
test,4316
test,4390
test,3011
test,1260
test,2264
test,3690
test,783
test,1644
test,2153
test,4241
test,1427
test,229
test,857
test,3061
test,2154
test,2034
test,408
test,170
test,540
test,535
test,3706
test,3983
test,1593
test,2500
test,1491
test,2925
test,2164
test,3685
test,1238
test,1788
test,564
test,3039
test,3727
test,1974
test,2458
test,1075
test,1966
test,2063
test,3626
test,2526
test,2045
test,325
test,2509
test,2804
test,3358
test,1172
test,620
test,2453
test,328
test,1726
test,897
test,2630
test,2464
test,4288
test,1393
test,1074
test,1634
test,2527
test,2633
test,1738
test,1501
test,4573
test,2561
test,809
test,978
test,1507
test,2301
test,2846
test,4262
test,4321
test,4306
test,1611
test,3856
test,174
test,3130
test,1538
test,1413
test,4569
test,217
test,4346
test,2014
test,690
test,4085
test,3811
test,2135
test,1175
test,2229
test,1421
test,1606
test,2759
test,2305
test,576
test,1578
test,4094
test,888
test,2665
test,2683
test,2279
test,817
test,208
test,293
test,2821
test,990
test,3849
test,1161
test,353
test,2170
test,2592
test,3758
test,2596
test,1869
test,4315
test,1360
test,4378
test,2916
test,2629
test,52
test,3679
test,1407
test,2078
test,2606
test,2011
test,1033
test,3299
test,2370
test,3616
test,4402
test,1209
test,30
test,3835
test,3316
test,3948
test,436
test,912
test,4290
test,4165
test,2836
test,4268
test,1220
test,903
test,2678
test,1770
test,2741
test,183
test,3459
test,4105
test,321
test,2053
test,1362
test,1406
