path,size_bytes,sha256
.gitignore,274,119f0676a8a9c3fa405f3f8471ef23f5bc9e6d7616a0cf726c0566919e5942d5
data/descriptors/final_combined_ranking_rf_12986.csv,4440939,5dfdeed0c509189288ef3b0a5c3ce0b331d8830318e94218e37672787767b814
data/descriptors/mof_descriptors_12986.csv,2172943,aa5402427a707b3a0ab123bbcdbcc9d558ac1948f649e8d7e405f57468d553a7
data/processed/ps_cleaned_canonical.csv,730128,d2b9c5af56f4045104658312bcead83d8395a848b39a0351425934c99ba874b3
data/processed/real_cleaned_canonical.csv,2172943,aa5402427a707b3a0ab123bbcdbcc9d558ac1948f649e8d7e405f57468d553a7
data/processed/real_cleaned_canonical_19248_provenance.csv,3237679,ca5af4ca2e9f90517b26160a3f7f02ae9b405964049a92414c582a8e2a22ce80
data/processed/tps_cleaned_canonical.csv,770042,af76a3178ec278996d9e49e88d680142568a12c2e5a73aef1f5cce4409042b19
data/raw/balanced_tps_canonical.csv,837303,b6d5c67107d92c36bfccf8cc85aa759ec4871d5249ddaa17a92a42ccdde31383
data/raw/ps_usable_hydrogen_storage_capacity_gcmcv2_real_cleaned.csv,793716,c0aa9f69f5f2bda3603aff30bee0d4f648f5b8f981181bf80c7d2dd955402bf0
data/README.md,811,c240acad423b7e0a8829853af3f11435f2af354b02458370fcb3765f50485aaa
docs/advisor/Bien_plan.pdf,64897,9714093eeb8e0d0725319603ce12d75bf6a6db0faef812303c798de30cf6e1e8
docs/HANDOFF_NOTES.md,2576,a1d6cecd60608a8f5da994c022b163a0b458e46c9083840b52353b5f2b5b967b
docs/recovery/recovered_file_list.tsv,639048,0e69da48e278fbc50db080709c2d58110b9d8088714beef2437fa78bc7d2c5a1
docs/recovery/recovery_log.txt,1128,3999cdd9c1396dcd26268bd23450d33355685c5f83679e6abde2dd064fd47ba6
docs/recovery/recovery_manifest.json,881923,31e846dc94458cc9f03e04d31bc0c8a146de36b21497e14ef8121e1c5d40314c
environment.yml,260,d5c6a83e41ee70c5378f9e7f351d55ac96a54859354a795418ba545b4353b142
figures/raspa/Figure_A_RF_ranking_overview.svg,9365,4e62573c099df9f30c1fb3acc36e8ebd9f9d3ee7a0c3c894067ca22326f5be43
figures/raspa/Figure_A_v2_RF_predicted_top20.svg,19034,2db43e3c42c1331af9d2639372e53c1b2343a712ef7c704bb0393e448d008385
figures/raspa/Figure_B_corrected_capacity_comparison.svg,11152,d06d2981511cc2c0602d72508db3a544f4b0607935663c5d601b52df088811a7
figures/raspa/Figure_B_v2_predicted_vs_corrected_GCMC.svg,17796,0c92b3bfe99e9fcfa9b9ca0540f54cb04d9711fd7004975e018bee5d0b26407a
figures/raspa/Figure_C_benchmark_status_diagram.svg,2837,29204a34bcd52ba2397bf25b53c6bdfbc81876db7ccf1887c239f674f704b748
figures/raspa/Figure_C_v2_benchmark_agreement.svg,18377,ad0a7ed5db3e0784ef0629d77237db3b5a514c6a0296bc501b9080d5a23875d9
LICENSE,1082,569b9f5f280d224e27e12f2e29dd16d7981c7646df234890eddb6a221455e4ca
manifests/changes_made.md,933,c6e960825a5c1c8259a98c00ec8f286681d72092a499c85bd853848fa1f24a26
manifests/data_manifest.json,5503,bade12020b919b89a7780c1457236791a4c6bcb08242877464a74def913ff8b2
manifests/handoff_checklist.json,1186,1fd5a3135b89a1c5726843ab0955a2fa79fa5ffffecfc0716d731f49da33ab43
models/extra_trees/best_ert_PS_UG.joblib,22856354,6937656238ee459a064ca3d4af9fe611f9db4bc47a6185cc1981bb12ba6bc002
models/extra_trees/best_ert_PS_UV.joblib,25025204,c033787550a028ac68d042af14631962112432806261a284086c5586de027b3f
models/extra_trees/best_ert_TPS_UG.joblib,23563640,485a30a18c82cb3e40ff18649c3a8b7f1b888c4768ea760c3ca9c480f0e552a4
models/extra_trees/best_ert_TPS_UV.joblib,25485555,5a6f7dd3667907829541bee9dedc8be2f8f86bca048b95acd2935e55ebcd23e9
models/extra_trees/final_ert_PS_UG.joblib,30313395,5b8b8ff284409273a6ec67cce9de95193e209cc3e1a33606bf298ab5aa98d922
models/extra_trees/final_ert_PS_UV.joblib,34072326,338701b097fe8e63f412b5d1a72b9a5be718ed948f7cd63c8fad0b2c7176a78f
models/extra_trees/final_ert_TPS_UG.joblib,31520148,719dd3f1d602ba995bef7b048440458960860dbb0f03159d947bb9f75ada5196
models/extra_trees/final_ert_TPS_UV.joblib,33852278,cf410786e433ad4e515678c5e44105a63e22854b74dfbcbf375a21a3db6b7914
models/hist_gradient_boosting/best_hgb_PS_UG.joblib,292297,7198680773481b9e073d06995576b0425fe8a055779a11097276f35a61339874
models/hist_gradient_boosting/best_hgb_PS_UV.joblib,203386,65cc202b698ac8126a955bed6b8affd2af73f9923d09ced34388d84d6296b374
models/hist_gradient_boosting/best_hgb_TPS_UG.joblib,299278,baa6bcaf4cfb2b0fb2b6e29378a6089aafee0baadb9f070c87e8a43c5ec0ab3a
models/hist_gradient_boosting/best_hgb_TPS_UV.joblib,204417,04bb4ff8abdee4588e5b3a1696a157134aee3e176f6702f8cf802baa9f169321
models/hist_gradient_boosting/final_hgb_PS_UG.joblib,294785,9289efb5f217d22612c9a9f40ec1af3e8942016d575f907dc1837afc67b0a353
models/hist_gradient_boosting/final_hgb_PS_UV.joblib,211558,e12480fdbd95332bb4b399033f24a298c6a897466295b5dffc82b84539d5b9b6
models/hist_gradient_boosting/final_hgb_TPS_UG.joblib,301460,fc0c17f71c7beefb609a4201476bce96957c9ecb6ae0df58e8b48412ab131b7f
models/hist_gradient_boosting/final_hgb_TPS_UV.joblib,214135,b4c03fa0a980c91ae25df95dd7b5fad48f710935a41596759a6caefd0fa57969
models/knn/best_knn_PS_UG.joblib,213405,85f126f643d000af271607e4ead0cef0b9191ff37de4651db29fecac8720d8fc
models/knn/best_knn_PS_UV.joblib,222337,77734841ff07f7bf4f2abeeba85aecf94dc6d02fd275b89d51347359019abcc6
models/knn/best_knn_TPS_UG.joblib,215232,7fb0f90ac1d507077c8691970ed0499c86e051aa5dae477683f69a2486a30e47
models/knn/best_knn_TPS_UV.joblib,223728,d8f1d00f0511dfa9ed72e8f683bf860afeb90599ad642fe4d6560dfddb492521
models/knn/final_knn_PS_UG.joblib,266982,84a839a8b4a7ca0117379f384e8d7968a07628e7e0f6a51febf5b51dfd9fddd5
models/knn/final_knn_PS_UV.joblib,266836,4e11bce4fa6f41913f96d4f1bbdb18ab4522b485d962caa61fd96d1eb2d58660
models/knn/final_knn_TPS_UG.joblib,267830,2c01cd30dd55518b619c3668889500ee61e8b26ee3029ddb091e28f2253bd3a5
models/knn/final_knn_TPS_UV.joblib,267908,4eff95d8da90b7a78a49b770928be375626899512d9fba4c901fcef545848447
models/model_manifest.json,16823,ff9665fd3ea754882ae2c026984c193b16e627b73b800819f7e7be8e6ecac910
models/random_forest/best_rf_PS_UG.joblib,3239478,ca0e50ecc4dde1f67fa14773564466ac4edaf60e3c073eca36da0af9c2a3e05b
models/random_forest/best_rf_PS_UV.joblib,12273789,a4d8c45bf1ece0ba446a9ccf260fd6e3c52ba56cf6bc42dfccffc60800e57deb
models/random_forest/best_rf_TPS_UG.joblib,26315194,6cc5ccc1964c9a19032a6e58f7507217ac8165acd4e0fd0f37dd7b641ccde030
models/random_forest/best_rf_TPS_UV.joblib,29260391,d31de78605abcfd2a0bea799e2375534a7f9926ecafb67a49a6584abeeae61c4
models/random_forest/final_rf_PS_UG.joblib,3592117,65c39ffc59e3e86c12b123053fd4423a8a3072480e1442b709f7adf56e02c65a
models/random_forest/final_rf_PS_UV.joblib,16097694,dd07384e7c0976d8cfbb85f293097a4abbebf141d944682531e860e2de2f9b65
models/random_forest/final_rf_TPS_UG.joblib,34484481,281ae8f1cc5c148a8bd651839f82bc5b507d2040fae51a9845c340e0b914dfe0
models/random_forest/final_rf_TPS_UV.joblib,38532186,e4c25f83c80afdaffb7a0efe17ffb93b3cb0cb6ae477142067d09cfc3868ffae
models/README.md,504,a8f348f1c444af3fb0820602366bf73f11c1ace08b2e092ca8785a874c494145
models/recovered_best_params.json,5978,1c89bec71e14c6ff13063efd4199ec4261ff68853852e9405f437b1eeb02f7e1
models/support_vector_regressor/best_svr_PS_UG.joblib,27789,1befdcbbc3515fd5c9fbce1f5c9cfc1a443af2d8271294ac170f8f44f730eaeb
models/support_vector_regressor/best_svr_PS_UV.joblib,101229,4d9073e389722a107c8cfde41b092a661509d28b60795db3dcd4335977ea8c71
models/support_vector_regressor/best_svr_TPS_UG.joblib,39164,e44f8ee9cbf6ff45871c6ed53718fdde962b16861cb4a7d94771d390c147995c
models/support_vector_regressor/best_svr_TPS_UV.joblib,102236,732995002162446c04b367f87a1dd236a8ea6d4612236bd0b5e8d512530e4683
models/support_vector_regressor/final_svr_PS_UG.joblib,35156,643340eb322289d73258e5cffaa90f7bdda53276a498099579630607dbda8566
models/support_vector_regressor/final_svr_PS_UV.joblib,123689,afdfc3a836ab25a73329e4ac85132cee335f5dfd9241dbc562c052e2a8ba01c7
models/support_vector_regressor/final_svr_TPS_UG.joblib,47242,f56e1c0c6715910f41c57066b581d6dfa465ff0ca373c296970ad8cf04e055cd
models/support_vector_regressor/final_svr_TPS_UV.joblib,126462,e4e274b6c0333a4d819e1eaff491aa896ff5a4ab7e99f3c6eac5f0f47d52c213
notebooks/01_random_forest.ipynb,35406,4e9ead772e05bc8ea72adc417ed38ab34939110c593425e51f51f8e15005cf74
notebooks/02_extra_trees.ipynb,34802,82b104f0f7f4106ddcffc73ab5222899efadde22904c1c386c4daa858f2fee14
notebooks/03_hist_gradient_boosting.ipynb,36159,6165daaf2676e6beeb557f47e8d6334c811eeb3e59cdf4a1041c88623589a5c2
notebooks/04_lightgbm.ipynb,35593,a064fb0a14af4124752a641146f134f3726454bc86678d15d3ae75462f3982e9
notebooks/05_knn.ipynb,35124,0f52557456cb327fbb8f8f80d40b27826687be7b7e812848542a12290f8b18ae
notebooks/06_support_vector_regressor.ipynb,81095,d6cb12adc146dc47494d62718e11b8e0d070beb27ad19235c49ed3cea61d2361
notebooks/README.md,471,7bb2228840eb2def792397d93d9754408b1032e5db80f46ee8477cbf44300af3
outputs/ml/final_combined_ranking_ert_19248.csv,6666828,cde4b64a98b1dc29ddec1b302ffb7ed4b1821a795cd458765399d5cc5c846b47
outputs/ml/per_target_and_composite_metrics_final.csv,939,e7432cefbc0eb46f7de2409509932ecb69f5c1da11df344ae8722daccd3bdb3f
outputs/ml/random_forest/ps_cleaned_canonical.csv,730128,d2b9c5af56f4045104658312bcead83d8395a848b39a0351425934c99ba874b3
outputs/ml/random_forest/real_cleaned_canonical.csv,2172943,aa5402427a707b3a0ab123bbcdbcc9d558ac1948f649e8d7e405f57468d553a7
outputs/ml/random_forest/tps_cleaned_canonical.csv,770042,af76a3178ec278996d9e49e88d680142568a12c2e5a73aef1f5cce4409042b19
raspa/forcefields/Generic/force_field_mixing_rules.def,3842,c51ed025170e1de0002bcb03a94ff3582060e9162882f2ed24e4d09d01ddd746
raspa/forcefields/Generic/Generic/force_field_mixing_rules.def,3842,c51ed025170e1de0002bcb03a94ff3582060e9162882f2ed24e4d09d01ddd746
raspa/forcefields/Generic/Generic/pseudo_atoms.def,2122,cad7f96ea1aa604b6014e60d05013a3d97961390a63a8dbc39f312c487495445
raspa/forcefields/Generic/pseudo_atoms.def,2122,cad7f96ea1aa604b6014e60d05013a3d97961390a63a8dbc39f312c487495445
raspa/forcefields/Generic_H2fix/force_field_mixing_rules.def,3842,c51ed025170e1de0002bcb03a94ff3582060e9162882f2ed24e4d09d01ddd746
raspa/forcefields/Generic_H2fix/Generic_H2fix/force_field_mixing_rules.def,3842,c51ed025170e1de0002bcb03a94ff3582060e9162882f2ed24e4d09d01ddd746
raspa/forcefields/Generic_H2fix/Generic_H2fix/pseudo_atoms.def,2122,3df8709182470ea6dace7fd8b9b3da19c9c91918b274dc35164497b2de88a6c6
raspa/forcefields/Generic_H2fix/pseudo_atoms.def,2122,3df8709182470ea6dace7fd8b9b3da19c9c91918b274dc35164497b2de88a6c6
raspa/manifests/raspa_file_manifest.csv,35510,6db6906d1a3d3c91b499cfc3257e5b89236d76b785c65ca488d7f02003fe3093
raspa/molecules/ExampleDefinitions/hydrogen.def,567,98af45fa4382f3499534ac3a791ecc5b59c8b3e0e6f90d4a25ddd9a852875aa2
raspa/molecules/ExampleDefinitions_H2fix/hydrogen.def,569,67c27cafc7d616264bf7defc9eafe2de0018357f4bce6228777b9630150e331a
raspa/outputs/summary_tables/ABSTRACT_PATCH.txt,809,700e9c4f1a7d247c16dc07d9a792005ace1cbfcaf09ea2ac94a267ed62c488e4
raspa/outputs/summary_tables/ALL6_corrected_summary.csv,3657,72138e8cbbc98059f739271c707edcc9982a1e6d81c9e6cf9d3f61eef902906f
raspa/outputs/summary_tables/ALL_corrected_summary_absolute_vs_excess.csv,3210,4a5a41cfff53c7e058e3252a47dbc1c41f80f4364167cd79d1e07b201dd25172
raspa/outputs/summary_tables/ALL_corrected_summary_with_sanity.csv,10167,1c7835158042a7a8cb3940122e8627c39e11287229260b3669c34ef2d2c90a5c
raspa/outputs/summary_tables/BOTTOM_CONTROLS_TABLE.csv,1026,b1ea5f884c9b168dfabbbf7aa606304379dcc0ce69ffebbc6eddfdb5c8390f36
raspa/outputs/summary_tables/CAXPIC_PS_TPS_corrected_summary.csv,1034,f496b53c61f4fe6f466bdd52bda27adbc1cf14fc5f469f478bad1af930788a8a
raspa/outputs/summary_tables/CAXPIC_PS_TPS_summary.csv,849,64d5edeba66c4a13534532a8bc21a5e913674dd509d77c3ede8210b37153ee53
raspa/outputs/summary_tables/DENSITY_REBASE_REPORT.csv,1299,8e3b474ef6519e46dccc072213e509154d672d838dc7c8ff7af8f3f4334907bb
raspa/outputs/summary_tables/ECOTOG_PS_TPS_corrected_summary.csv,1056,5fdb547fae30fe368036afe6d0ae19b8a5ff94de47938c7b94ad0eb384c791f6
raspa/outputs/summary_tables/ECOTOG_PS_TPS_summary.csv,853,e4f04c99cbd8e4297cc8a88fe18977368c6dae86648c87e5717169539eed83d6
raspa/outputs/summary_tables/FINAL_BENCHMARK_TABLE.csv,504,805356c088f1c53cd8a4ef4078659e5a95d83ffedc71342fe0b383595269aca1
raspa/outputs/summary_tables/HY_MOF_BENCHMARK.csv,504,805356c088f1c53cd8a4ef4078659e5a95d83ffedc71342fe0b383595269aca1
raspa/outputs/summary_tables/HYMARC_vs_MINE.csv,963,2377950ddd0644155c6f65361ad5fea7d4be77ac7f7c090a846fa58b482cd01f
raspa/outputs/summary_tables/LIMITATIONS_PATCH.txt,1151,8c57e9e45eff65dec9bc0232aa0ae11a44b5c09e0bd8efa4372b1f86ecbb29db
raspa/outputs/summary_tables/MANUSCRIPT_UPDATE_MAP.txt,4728,5b625805ee0829ed5a8c312f0f4cc46815696379d8332616e39121bbce7f1329
raspa/outputs/summary_tables/MINE_UV_REBASED_BULK_DENSITY.csv,766,32dcd1bf461ade8b581cbf20b7d8d535a1787a20c893c8731a970de3659d8734
raspa/outputs/summary_tables/MINE_vs_DATASETS_PS.csv,594,b184b159572f30cb9384268dd3c75f4cdff4b617d103ebc8068199c877530d11
raspa/outputs/summary_tables/MINE_vs_DATASETS_TPS.csv,601,b85978df5d1a78f89185e49bf17853bd17576f29a0bdcaec5542dc037863faa4
raspa/outputs/summary_tables/MISMATCH_SIGNATURES.csv,1228,8dd6e1cf70db92479653f25ce57e540f1ee714eca263bfaf5a987df7cc641bb6
raspa/outputs/summary_tables/ML_TOP3_SELECTION_TABLE.csv,633,433e9947bb79aeb523fd7b1964e6c1c761e2896f10643163565511a050cd8d52
raspa/outputs/summary_tables/OBJECTIVES_PATCH.txt,951,d2a032909bccf69f2077492379a9704eb1e6b7a5fa5512f69b5de189246b3589
raspa/outputs/summary_tables/PANEL_QA_NOTE.txt,1210,28ca85f8740c4d25ac9606e4edf57bab9c558dfb7cbdec069505bf35009a84ed
raspa/outputs/summary_tables/raspa_run_stdout.txt,132,0279ebfbfd0a806cd867803687fcadca6645fa3341de51e8f5c0f6d39394dd6d
raspa/outputs/summary_tables/RESULTS_DISCUSSION_PATCH.txt,2792,3f293b30d6e8fe0ead54f2036dfc38c99f08c9d770760e3fe79bf6ea92c1e1dc
raspa/outputs/summary_tables/SUMMARY_STATS.txt,945,b9ac55effa3859c98360868d2d8b5f4bca0716e1c1daaf31cf4d3ccd74d29cf9
raspa/outputs/summary_tables/TOP3_ML_PLUS_GCMC_TABLE.csv,729,0f83843e7634a89e4e7482a340442e67d473a4d20c9b96efa859116d2a2bf862
raspa/outputs/summary_tables/TOP3_ML_VERIFICATION_TABLE.csv,379,431b641563ee8f5145a861347e964a423f4c58b40e564bfbe850402fc92f85ed
raspa/outputs/summary_tables/VAGMAT_PS_TPS_corrected_summary.csv,1036,4b5eb7ec0fff228283f2e467a6e9b5e7912b974529cea01c94e8fe796fe81a8a
raspa/outputs/summary_tables/VAGMAT_PS_TPS_summary.csv,1084,0543183c7da49118ac0cc91bea2765e30c53515f712e730ef826fa457d1d02b8
raspa/outputs/summary_tables/XAFFAN_PS_TPS_corrected_summary.csv,1029,bafeef4d0ba83f148043c65ce127a219bf324cd278840521180a888d1def2d41
raspa/outputs/summary_tables/XAFFAN_PS_TPS_summary.csv,859,bcf51ffbcf5347d849dbe80648af8dfd56fef62e7842f1a9e6cdb31186ffe352
raspa/outputs/summary_tables/XAFFIV_PS_TPS_corrected_summary.csv,1030,88f250fab03f5ef6e81a3475fe19a1667018a2f71f33f1bcecdcb7202552af4d
raspa/outputs/summary_tables/XAFFIV_PS_TPS_summary.csv,863,eda3e541c45d4b29d4de6379924a9a8fc8fefe99630784edd21efd81159499f8
raspa/outputs/summary_tables/XUJCUB_PS_TPS_corrected_summary.csv,813,c1561f8f978f6d4f98214166b15b6f288d80de6d32d66993c53cd85279b9d01c
raspa/outputs/summary_tables/XUJCUB_PS_TPS_summary.csv,645,a539cdcd837d0a0fd61b359f1e9a20269880512faa94ffe68222c28be74205da
raspa/README.md,817,c4ba0337fbdcefec3818856889c81ff96be84538f511fcc9a2ab5bc968ce14fc
raspa/runs/CAXPIC/PS_high/CAXPIC_clean.cif,6523,7c18db97d65579373e2d2554af2d5ea835c1d55046a96984deabdfa89d9fa1eb
raspa/runs/CAXPIC/PS_high/Output/System_0/output_CAXPIC_clean_1.1.1_77.000000_1e+07.data,1176133,51bbc3a00712b41f97b4caa62fd36e64a820dcb5f3accfff921ac8b65dabf132
raspa/runs/CAXPIC/PS_high/raspa_run_stdout.txt,414,c888f04021867e2b0a11016113bac0e4fc0950ec909884fe074191ac63436cb0
raspa/runs/CAXPIC/PS_high/run.sh,144,ed22c94809754dcfa1c4fd7ff412ec01c839ecb8a143ce242c7872e48630388f
raspa/runs/CAXPIC/PS_high/simulation.input,787,e78f48b418ad480b6a5cb8bb71d76990dbd62b7758da7f273f5e7107d144abd2
raspa/runs/CAXPIC/PS_low/CAXPIC_clean.cif,6523,7c18db97d65579373e2d2554af2d5ea835c1d55046a96984deabdfa89d9fa1eb
raspa/runs/CAXPIC/PS_low/Output/System_0/output_CAXPIC_clean_1.1.1_77.000000_500000.data,1176137,ef540117fe34f3d5d0f060781c1b448bc515f394768117f6f2d681b26e31f2c7
raspa/runs/CAXPIC/PS_low/raspa_run_stdout.txt,414,c888f04021867e2b0a11016113bac0e4fc0950ec909884fe074191ac63436cb0
raspa/runs/CAXPIC/PS_low/run.sh,144,ed22c94809754dcfa1c4fd7ff412ec01c839ecb8a143ce242c7872e48630388f
raspa/runs/CAXPIC/PS_low/simulation.input,785,ec5169b9a748bfde1d75884f64ae6394d0d0fe4f5e23bc85b49d23ab67f6db02
raspa/runs/CAXPIC/TPS_high/CAXPIC_clean.cif,6523,7c18db97d65579373e2d2554af2d5ea835c1d55046a96984deabdfa89d9fa1eb
raspa/runs/CAXPIC/TPS_high/Output/System_0/output_CAXPIC_clean_1.1.1_77.000000_1e+07.data,1176133,51bbc3a00712b41f97b4caa62fd36e64a820dcb5f3accfff921ac8b65dabf132
raspa/runs/CAXPIC/TPS_high/raspa_run_stdout.txt,414,c888f04021867e2b0a11016113bac0e4fc0950ec909884fe074191ac63436cb0
raspa/runs/CAXPIC/TPS_high/run.sh,144,ed22c94809754dcfa1c4fd7ff412ec01c839ecb8a143ce242c7872e48630388f
raspa/runs/CAXPIC/TPS_high/simulation.input,787,e78f48b418ad480b6a5cb8bb71d76990dbd62b7758da7f273f5e7107d144abd2
raspa/runs/CAXPIC/TPS_low/CAXPIC_clean.cif,6523,7c18db97d65579373e2d2554af2d5ea835c1d55046a96984deabdfa89d9fa1eb
raspa/runs/CAXPIC/TPS_low/Output/System_0/output_CAXPIC_clean_1.1.1_160.000000_500000.data,1176104,7696e92ef93ca5f244b4ebaa987dd56d03eed1f6ff6303c5212ffe0314aada37
raspa/runs/CAXPIC/TPS_low/raspa_run_stdout.txt,414,c888f04021867e2b0a11016113bac0e4fc0950ec909884fe074191ac63436cb0
raspa/runs/CAXPIC/TPS_low/run.sh,144,ed22c94809754dcfa1c4fd7ff412ec01c839ecb8a143ce242c7872e48630388f
raspa/runs/CAXPIC/TPS_low/simulation.input,786,6cb148e0e301a9f58d2630ada416aa75628d09e7c013fdf2edcfe2fddd1643c9
raspa/runs/ECOTOG/PS_high/ECOTOG_clean.cif,6840,31ccffee7294154b5024c090f38de6868546a0279f0a956a3c72fb250412b3b0
raspa/runs/ECOTOG/PS_high/Output/System_0/output_ECOTOG_clean_1.1.1_77.000000_1e+07.data,1244439,8e9389ce0d1ff99575fbe8183f16f88ccdce0c12ce4fdf2bc47d0c8ad3962535
raspa/runs/ECOTOG/PS_high/raspa_run_stdout.txt,411,27c10425aa6400accce058901b4f0d92e7d10315b1daede838c324cba95321ab
raspa/runs/ECOTOG/PS_high/run.sh,144,ed22c94809754dcfa1c4fd7ff412ec01c839ecb8a143ce242c7872e48630388f
raspa/runs/ECOTOG/PS_high/simulation.input,787,969b9feadcd0f917fc4450b74eb603811fffcbd4337b8467e39001cce544aace
raspa/runs/ECOTOG/PS_low/ECOTOG_clean.cif,6840,31ccffee7294154b5024c090f38de6868546a0279f0a956a3c72fb250412b3b0
raspa/runs/ECOTOG/PS_low/Output/System_0/output_ECOTOG_clean_1.1.1_77.000000_500000.data,1244438,fb95c54c2fbbf1f2d7226f78d5db0784c76b89b1d8c990218b49b22a8d545ce8
raspa/runs/ECOTOG/PS_low/raspa_run_stdout.txt,411,27c10425aa6400accce058901b4f0d92e7d10315b1daede838c324cba95321ab
raspa/runs/ECOTOG/PS_low/run.sh,144,ed22c94809754dcfa1c4fd7ff412ec01c839ecb8a143ce242c7872e48630388f
raspa/runs/ECOTOG/PS_low/simulation.input,785,4652e0d44e841efe461c2742d85451275870739eae261dfa18d0e9451ab3ad92
raspa/runs/ECOTOG/TPS_high/ECOTOG_clean.cif,6840,31ccffee7294154b5024c090f38de6868546a0279f0a956a3c72fb250412b3b0
raspa/runs/ECOTOG/TPS_high/Output/System_0/output_ECOTOG_clean_1.1.1_77.000000_1e+07.data,1244439,8e9389ce0d1ff99575fbe8183f16f88ccdce0c12ce4fdf2bc47d0c8ad3962535
raspa/runs/ECOTOG/TPS_high/raspa_run_stdout.txt,411,27c10425aa6400accce058901b4f0d92e7d10315b1daede838c324cba95321ab
raspa/runs/ECOTOG/TPS_high/run.sh,144,ed22c94809754dcfa1c4fd7ff412ec01c839ecb8a143ce242c7872e48630388f
raspa/runs/ECOTOG/TPS_high/simulation.input,787,969b9feadcd0f917fc4450b74eb603811fffcbd4337b8467e39001cce544aace
raspa/runs/ECOTOG/TPS_low/ECOTOG_clean.cif,6840,31ccffee7294154b5024c090f38de6868546a0279f0a956a3c72fb250412b3b0
raspa/runs/ECOTOG/TPS_low/Output/System_0/output_ECOTOG_clean_1.1.1_160.000000_500000.data,1244421,da4e2531a826593fcba6aeac9b31532a1ffffa63a906c2189a05c51fb9088b4d
raspa/runs/ECOTOG/TPS_low/raspa_run_stdout.txt,411,27c10425aa6400accce058901b4f0d92e7d10315b1daede838c324cba95321ab
raspa/runs/ECOTOG/TPS_low/run.sh,144,ed22c94809754dcfa1c4fd7ff412ec01c839ecb8a143ce242c7872e48630388f
raspa/runs/ECOTOG/TPS_low/simulation.input,786,2fef2b6566211ad940dcc83e9bbece1f7e6e3dd24e1349a463a895f6e07976b3
raspa/runs/VAGMAT/PS_high/Output/System_0/output_VAGMAT_clean_1.1.1_77.000000_1e+07.data,1797836,bb0a29bf3c7c0145ef5140e481a88eaa673f3d0364f266b5a81dae465be1cc39
raspa/runs/VAGMAT/PS_high/raspa_run_stdout.txt,413,67f2d93e5f1e0dbbbe75d8bb2e5e209e50601e47fdd892d0e1d3c3583ca5ce1e
raspa/runs/VAGMAT/PS_high/run.sh,144,ed22c94809754dcfa1c4fd7ff412ec01c839ecb8a143ce242c7872e48630388f
raspa/runs/VAGMAT/PS_high/simulation.input,787,05e431030aa4dc0a85c211d6b351d9fe19393f0976f3331240cd71af6c9a65e6
raspa/runs/VAGMAT/PS_high/VAGMAT_clean.cif,10426,9bcc1767ab4a62b834c2663eff0496f6b10c1e768bdebb1a9e4757e1868a0036
raspa/runs/VAGMAT/PS_high_validate_massfix/Output/System_0/output_VAGMAT_clean_1.1.1_77.000000_1e+07.data,1878119,2e9b102d34af562f3e378d2fb7ad15ce95fd029d37c98321a5fb4629672b9db5
raspa/runs/VAGMAT/PS_high_validate_massfix/run.sh,138,b2051bb30b291bf95635a5b6aa9c1a343451b6878a718840b607eb9b0be6c583
raspa/runs/VAGMAT/PS_high_validate_massfix/simulation.input,785,078ccc53f79a69cf28027dcbbc78da4aad5376a56a749863a7566b2f4e17807d
raspa/runs/VAGMAT/PS_high_validate_massfix/VAGMAT_clean.cif,10426,9bcc1767ab4a62b834c2663eff0496f6b10c1e768bdebb1a9e4757e1868a0036
raspa/runs/VAGMAT/PS_low/Output/System_0/output_VAGMAT_clean_1.1.1_77.000000_500000.data,2222678,71588e8150210efac8577595dafe2759e8cdaf9c4dd9d0581adbf73d8714538d
raspa/runs/VAGMAT/PS_low/raspa_run_stdout.txt,413,67f2d93e5f1e0dbbbe75d8bb2e5e209e50601e47fdd892d0e1d3c3583ca5ce1e
raspa/runs/VAGMAT/PS_low/run.sh,144,ed22c94809754dcfa1c4fd7ff412ec01c839ecb8a143ce242c7872e48630388f
raspa/runs/VAGMAT/PS_low/simulation.input,785,c1165a199540227abd391cf0e2969f8196bff9b122d5be5ddf17a2c38e4fedeb
raspa/runs/VAGMAT/PS_low/VAGMAT_clean.cif,10426,9bcc1767ab4a62b834c2663eff0496f6b10c1e768bdebb1a9e4757e1868a0036
raspa/runs/VAGMAT/TPS_high/Output/System_0/output_VAGMAT_clean_1.1.1_77.000000_1e+07.data,2223350,46f207eef9be785524d807bc0c8eb47db0c8ecdc11d29bfff160e3b2ba15e92c
raspa/runs/VAGMAT/TPS_high/raspa_run_stdout.txt,413,67f2d93e5f1e0dbbbe75d8bb2e5e209e50601e47fdd892d0e1d3c3583ca5ce1e
raspa/runs/VAGMAT/TPS_high/run.sh,144,ed22c94809754dcfa1c4fd7ff412ec01c839ecb8a143ce242c7872e48630388f
raspa/runs/VAGMAT/TPS_high/simulation.input,787,05e431030aa4dc0a85c211d6b351d9fe19393f0976f3331240cd71af6c9a65e6
raspa/runs/VAGMAT/TPS_high/VAGMAT_clean.cif,10426,9bcc1767ab4a62b834c2663eff0496f6b10c1e768bdebb1a9e4757e1868a0036
raspa/runs/VAGMAT/TPS_low/Output/System_0/output_VAGMAT_clean_1.1.1_160.000000_500000.data,2222172,d427925aa2a3d0cec1dff5913933805a0c0366f65367c8b86f1a8ba000906a38
raspa/runs/VAGMAT/TPS_low/raspa_run_stdout.txt,413,67f2d93e5f1e0dbbbe75d8bb2e5e209e50601e47fdd892d0e1d3c3583ca5ce1e
raspa/runs/VAGMAT/TPS_low/run.sh,144,ed22c94809754dcfa1c4fd7ff412ec01c839ecb8a143ce242c7872e48630388f
raspa/runs/VAGMAT/TPS_low/simulation.input,786,4b1746d0533ba1ae8129f8f3edb525388957cc6764c415955fb030e3686115a3
raspa/runs/VAGMAT/TPS_low/VAGMAT_clean.cif,10426,9bcc1767ab4a62b834c2663eff0496f6b10c1e768bdebb1a9e4757e1868a0036
raspa/runs/XAFFAN/PS_high/Output/System_0/output_XAFFAN_clean_1.1.1_77.000000_1e+07.data,2223346,2a3995b800a146d02e1830184d25c8b8f9ec3807e77b838e4b2cb1635769e6d7
raspa/runs/XAFFAN/PS_high/raspa_run_stdout.txt,413,9fa076da29bd1334e17d2f48068422ea1938ab998a33af1c435d070716c1872a
raspa/runs/XAFFAN/PS_high/run.sh,144,ed22c94809754dcfa1c4fd7ff412ec01c839ecb8a143ce242c7872e48630388f
raspa/runs/XAFFAN/PS_high/simulation.input,787,aaa1be96a16d30136a73a2e870befaf576e56cdb6d7e515de8b582b92d3156ad
raspa/runs/XAFFAN/PS_high/XAFFAN_clean.cif,10426,8631f58b7f31dfaae74dad89622370b4f152a09bbe536ce3a272d7f6f25aef0a
raspa/runs/XAFFAN/PS_low/Output/System_0/output_XAFFAN_clean_1.1.1_77.000000_500000.data,2222698,ff1c74dd070efe66af8634cf4bff8aca04605028ae81d0a4c54f25dfbe200469
raspa/runs/XAFFAN/PS_low/raspa_run_stdout.txt,413,9fa076da29bd1334e17d2f48068422ea1938ab998a33af1c435d070716c1872a
raspa/runs/XAFFAN/PS_low/run.sh,144,ed22c94809754dcfa1c4fd7ff412ec01c839ecb8a143ce242c7872e48630388f
raspa/runs/XAFFAN/PS_low/simulation.input,785,51b440bb623652280748a3c4d4ba763cf6cdafb2ef7e1320bfb657a8fdd07547
raspa/runs/XAFFAN/PS_low/XAFFAN_clean.cif,10426,8631f58b7f31dfaae74dad89622370b4f152a09bbe536ce3a272d7f6f25aef0a
raspa/runs/XAFFAN/TPS_high/Output/System_0/output_XAFFAN_clean_1.1.1_77.000000_1e+07.data,2223346,2a3995b800a146d02e1830184d25c8b8f9ec3807e77b838e4b2cb1635769e6d7
raspa/runs/XAFFAN/TPS_high/raspa_run_stdout.txt,413,9fa076da29bd1334e17d2f48068422ea1938ab998a33af1c435d070716c1872a
raspa/runs/XAFFAN/TPS_high/run.sh,144,ed22c94809754dcfa1c4fd7ff412ec01c839ecb8a143ce242c7872e48630388f
raspa/runs/XAFFAN/TPS_high/simulation.input,787,aaa1be96a16d30136a73a2e870befaf576e56cdb6d7e515de8b582b92d3156ad
raspa/runs/XAFFAN/TPS_high/XAFFAN_clean.cif,10426,8631f58b7f31dfaae74dad89622370b4f152a09bbe536ce3a272d7f6f25aef0a
raspa/runs/XAFFAN/TPS_low/Output/System_0/output_XAFFAN_clean_1.1.1_160.000000_500000.data,2222147,52460ed52789a1ccdd9f0c8d58abcae3b7a8953ff84fb72de4413365d6d75402
raspa/runs/XAFFAN/TPS_low/raspa_run_stdout.txt,413,9fa076da29bd1334e17d2f48068422ea1938ab998a33af1c435d070716c1872a
raspa/runs/XAFFAN/TPS_low/run.sh,144,ed22c94809754dcfa1c4fd7ff412ec01c839ecb8a143ce242c7872e48630388f
raspa/runs/XAFFAN/TPS_low/simulation.input,786,2cd61fbb319a3a6c8aa73609cace02734f987f981f10acfa0c7f65acd4199773
raspa/runs/XAFFAN/TPS_low/XAFFAN_clean.cif,10426,8631f58b7f31dfaae74dad89622370b4f152a09bbe536ce3a272d7f6f25aef0a
raspa/runs/XAFFIV/PS_high/Output/System_0/output_XAFFIV_clean_1.1.1_77.000000_1e+07.data,2223346,9b3beb3d52d8c271fd0596217b59aea3c00f5da2710b189edda2e4edad676dda
raspa/runs/XAFFIV/PS_high/raspa_run_stdout.txt,413,c1fa6f3fecc7f3af82d808fa899e37bab3c6e776dafda21a1b0aa4ac74df10fa
raspa/runs/XAFFIV/PS_high/run.sh,144,ed22c94809754dcfa1c4fd7ff412ec01c839ecb8a143ce242c7872e48630388f
raspa/runs/XAFFIV/PS_high/simulation.input,787,bc4b73b628a37b16de57fb25998ce04126fd6f4814cba0e06e58e93c5f460727
raspa/runs/XAFFIV/PS_high/XAFFIV_clean.cif,10426,4c6b708af561f86ddbc7a3469de915a77ef072ad47e54f57cb8399590eae865e
raspa/runs/XAFFIV/PS_low/Output/System_0/output_XAFFIV_clean_1.1.1_77.000000_500000.data,2222670,4a16900cd4fe8917c273828a9826d543665992bbec16471da25c1a8711ed7c66
raspa/runs/XAFFIV/PS_low/raspa_run_stdout.txt,413,c1fa6f3fecc7f3af82d808fa899e37bab3c6e776dafda21a1b0aa4ac74df10fa
raspa/runs/XAFFIV/PS_low/run.sh,144,ed22c94809754dcfa1c4fd7ff412ec01c839ecb8a143ce242c7872e48630388f
raspa/runs/XAFFIV/PS_low/simulation.input,785,e3f5ec7d9d483d854c205fc5f6887400da8d38f30a5794ec711f2e1aabff872a
raspa/runs/XAFFIV/PS_low/XAFFIV_clean.cif,10426,4c6b708af561f86ddbc7a3469de915a77ef072ad47e54f57cb8399590eae865e
raspa/runs/XAFFIV/TPS_high/Output/System_0/output_XAFFIV_clean_1.1.1_77.000000_1e+07.data,2223346,9b3beb3d52d8c271fd0596217b59aea3c00f5da2710b189edda2e4edad676dda
raspa/runs/XAFFIV/TPS_high/raspa_run_stdout.txt,413,c1fa6f3fecc7f3af82d808fa899e37bab3c6e776dafda21a1b0aa4ac74df10fa
raspa/runs/XAFFIV/TPS_high/run.sh,144,ed22c94809754dcfa1c4fd7ff412ec01c839ecb8a143ce242c7872e48630388f
raspa/runs/XAFFIV/TPS_high/simulation.input,787,bc4b73b628a37b16de57fb25998ce04126fd6f4814cba0e06e58e93c5f460727
raspa/runs/XAFFIV/TPS_high/XAFFIV_clean.cif,10426,4c6b708af561f86ddbc7a3469de915a77ef072ad47e54f57cb8399590eae865e
raspa/runs/XAFFIV/TPS_low/Output/System_0/output_XAFFIV_clean_1.1.1_160.000000_500000.data,2222165,a905805d5370479fd2921c3f97ebb13814a58faa3f9efcace6a3d68e3f45816c
raspa/runs/XAFFIV/TPS_low/raspa_run_stdout.txt,413,c1fa6f3fecc7f3af82d808fa899e37bab3c6e776dafda21a1b0aa4ac74df10fa
raspa/runs/XAFFIV/TPS_low/run.sh,144,ed22c94809754dcfa1c4fd7ff412ec01c839ecb8a143ce242c7872e48630388f
raspa/runs/XAFFIV/TPS_low/simulation.input,786,74ba849385a7fab556a2f1bca38e2a52b64eb84cae3fc46faa20acc3bf7a0d70
raspa/runs/XAFFIV/TPS_low/XAFFIV_clean.cif,10426,4c6b708af561f86ddbc7a3469de915a77ef072ad47e54f57cb8399590eae865e
raspa/runs/XUJCUB/PS_high/Output/System_0/output_XUJCUB_clean_1.1.1_77.000000_1e+07.data,641629,404795bbb1e1e96395787f865434a1bf55ecd0ce432c3572fc0e8c2f8895289f
raspa/runs/XUJCUB/PS_high/raspa_run_stdout.txt,411,2d06dec6c0224b04c8fcd60406099309121c7fc04593dd975773d94f56ff0bf3
raspa/runs/XUJCUB/PS_high/run.sh,144,ed22c94809754dcfa1c4fd7ff412ec01c839ecb8a143ce242c7872e48630388f
raspa/runs/XUJCUB/PS_high/simulation.input,787,e237cb45d6fb424836a209dca2c4bed2e87a17d99d62eeea0f319f7c54ccf85e
raspa/runs/XUJCUB/PS_high/XUJCUB_clean.cif,3128,bba47260dccf9444e6607ccfc2d1e4fe6f043d7bbabf1cf6c527e99a4f31770b
raspa/runs/XUJCUB/PS_low/Output/System_0/output_XUJCUB_clean_1.1.1_77.000000_500000.data,641645,d7a3832cd31f9f819f99ceb9ad2ccf64697373bd7bb591ace6a8d4f6a5c73d55
raspa/runs/XUJCUB/PS_low/raspa_run_stdout.txt,411,2d06dec6c0224b04c8fcd60406099309121c7fc04593dd975773d94f56ff0bf3
raspa/runs/XUJCUB/PS_low/run.sh,144,ed22c94809754dcfa1c4fd7ff412ec01c839ecb8a143ce242c7872e48630388f
raspa/runs/XUJCUB/PS_low/simulation.input,785,670946ce6fe4fafd8af502d212b70f933958ad671941ddf4cb99260faf548038
raspa/runs/XUJCUB/PS_low/XUJCUB_clean.cif,3128,bba47260dccf9444e6607ccfc2d1e4fe6f043d7bbabf1cf6c527e99a4f31770b
raspa/runs/XUJCUB/TPS_high/Output/System_0/output_XUJCUB_clean_1.1.1_77.000000_1e+07.data,641629,404795bbb1e1e96395787f865434a1bf55ecd0ce432c3572fc0e8c2f8895289f
raspa/runs/XUJCUB/TPS_high/raspa_run_stdout.txt,411,2d06dec6c0224b04c8fcd60406099309121c7fc04593dd975773d94f56ff0bf3
raspa/runs/XUJCUB/TPS_high/run.sh,144,ed22c94809754dcfa1c4fd7ff412ec01c839ecb8a143ce242c7872e48630388f
raspa/runs/XUJCUB/TPS_high/simulation.input,787,e237cb45d6fb424836a209dca2c4bed2e87a17d99d62eeea0f319f7c54ccf85e
raspa/runs/XUJCUB/TPS_high/XUJCUB_clean.cif,3128,bba47260dccf9444e6607ccfc2d1e4fe6f043d7bbabf1cf6c527e99a4f31770b
raspa/runs/XUJCUB/TPS_low/Output/System_0/output_XUJCUB_clean_1.1.1_160.000000_500000.data,641647,cc29dcf5bec701e30b5f84dcea7a9c0187847d6f51943f200f3e6727fdccb8ca
raspa/runs/XUJCUB/TPS_low/raspa_run_stdout.txt,411,2d06dec6c0224b04c8fcd60406099309121c7fc04593dd975773d94f56ff0bf3
raspa/runs/XUJCUB/TPS_low/run.sh,144,ed22c94809754dcfa1c4fd7ff412ec01c839ecb8a143ce242c7872e48630388f
raspa/runs/XUJCUB/TPS_low/simulation.input,786,b204edf7d2b3dd59a0993aadbb9ad4548b65c63e774192df05c2efd39f376024
raspa/runs/XUJCUB/TPS_low/XUJCUB_clean.cif,3128,bba47260dccf9444e6607ccfc2d1e4fe6f043d7bbabf1cf6c527e99a4f31770b
raspa/scripts/legacy/audit_h2_runs.sh,7785,f5e615f11b5f268c9e2412f9a88fb0862b63230f031766d915c532cbf37c9b3d
raspa/scripts/legacy/build_raspa_tables.py,27553,36019f9b20536369916e4930111d01a80676ee8e9f5ec0bc98cadcd1a8a8ef67
raspa/scripts/legacy/build_thesis_tables.py,12399,85af6881616c5db08b03ff2236e7fb4f687f0d2e494f220e18090c1dc00658b9
raspa/scripts/legacy/diagnose_mismatch.py,7347,6224cc511fceeacaebb1eaf1af0ffa99e1ab23f54a0ef51514d93b193aeef8e5
raspa/scripts/legacy/generate_final_thesis_artifacts.py,29399,a0dde2f229fa5a56eb41a17a403884a793ad980e083e8a42c4349533100cf90a
raspa/scripts/legacy/generate_thesis_tables.py,14462,8a3d7c72ee8d9dfb7fd31ca7fd2cebae374d372c2189cb9e0a1b9ead5ffe6c60
raspa/scripts/legacy/make_figures.py,8903,a48d0ae2ec1aabfd600aab76dc9896bfd5e94d48d7718826eb8202d0ed1fea19
raspa/scripts/legacy/make_figures_svg.py,19372,bb53cf82a0798d2f8a851fdc763c5832f14349f5a81935c8144943226c59eb49
raspa/scripts/legacy/make_figures_svg_v2.py,19242,5fad8f52e119d9c217409dd86e9f25012721fb2a12382dee838e41a273219709
raspa/scripts/legacy/rebase_uv_bulk_density.py,2277,aa1f2aa38ee580d37b180e0d6560af77b0942c5efd95f9d6d136e60aa25a0cfd
raspa/scripts/legacy/run_ps_tps_cases.sh,6137,d3871ff4741361916c01417ed14e6705a47b8cab0fb72063608726bdc405a935
raspa/scripts/README.md,554,387c196d3d9d181eed0432e262b8f3c368b361d10c77d3d82d0a8506c4b09740
raspa/templates/run.sh,144,ed22c94809754dcfa1c4fd7ff412ec01c839ecb8a143ce242c7872e48630388f
raspa/templates/simulation.input,787,ce59bfd9c0f06a04bac43b0570c6fecc100370d1b6d8cccd92be4b2ba1c1977b
raspa/validation_cifs/CAXPIC_clean.cif,6523,7c18db97d65579373e2d2554af2d5ea835c1d55046a96984deabdfa89d9fa1eb
raspa/validation_cifs/ECOTOG_clean.cif,6840,31ccffee7294154b5024c090f38de6868546a0279f0a956a3c72fb250412b3b0
raspa/validation_cifs/VAGMAT_clean.cif,10426,9bcc1767ab4a62b834c2663eff0496f6b10c1e768bdebb1a9e4757e1868a0036
raspa/validation_cifs/XAFFAN_clean.cif,10426,8631f58b7f31dfaae74dad89622370b4f152a09bbe536ce3a272d7f6f25aef0a
raspa/validation_cifs/XAFFIV_clean.cif,10426,4c6b708af561f86ddbc7a3469de915a77ef072ad47e54f57cb8399590eae865e
raspa/validation_cifs/XUJCUB_clean.cif,3128,bba47260dccf9444e6607ccfc2d1e4fe6f043d7bbabf1cf6c527e99a4f31770b
README.md,3866,647b63fccbbfe19bf82b78ed7cb712e0fc511ed864f08616827cff09c249cd74
RELEASE_NOTES.md,783,f2e7e2282623d715fd8593dce11f47f200e9892548b66009ca1f1fa924f86104
requirements.txt,117,fe0570e1ee9ae13c4b14c97120f80ac170947560dae65a63296afcb9ebf18dff
scripts/README.md,239,a463cbae5e12bcd8f27026d063dda1f797bce98ca78104abaea4f255688deb45
scripts/rebuild_model_artifacts.py,5456,364b04ecc6d9be08595197beae7f20464b1153cb208dc6fe4b1a388f4cbde634
splits/extra_trees/PS_UG_ert_split_indices.csv,53118,432a833335c0cdd061e95b6905e5e4d123d1bb0e1053568acd75217e8e2e2c70
splits/extra_trees/PS_UG_ert_split_manifest.json,379,74a8546e4656ba4126c31c2e89b70e4beb88eeacbe5a040c90af56dd28bc9351
splits/extra_trees/PS_UV_ert_split_indices.csv,53118,432a833335c0cdd061e95b6905e5e4d123d1bb0e1053568acd75217e8e2e2c70
splits/extra_trees/PS_UV_ert_split_manifest.json,379,703d54896ccfca54196ba1ac243005c1f0c2f81e5f92e38dccf16fab2fd624d3
splits/extra_trees/TPS_UG_ert_split_indices.csv,53118,432a833335c0cdd061e95b6905e5e4d123d1bb0e1053568acd75217e8e2e2c70
splits/extra_trees/TPS_UG_ert_split_manifest.json,382,7f5ae8a2d6ea2176311583608c021ddce597438477b756640311cc1214c5e0fa
splits/extra_trees/TPS_UV_ert_split_indices.csv,53118,432a833335c0cdd061e95b6905e5e4d123d1bb0e1053568acd75217e8e2e2c70
splits/extra_trees/TPS_UV_ert_split_manifest.json,382,cdf62bb9a285280822a3ea3b6fc7bff58994939b250cfb78ebada032a06d8f41
splits/hist_gradient_boosting/PS_UG_hgb_split_indices.csv,53118,432a833335c0cdd061e95b6905e5e4d123d1bb0e1053568acd75217e8e2e2c70
splits/hist_gradient_boosting/PS_UG_hgb_split_manifest.json,379,39286107868ec709bcb588f47b618c98fa8c39bdfd7f93a489f3029f05f08925
splits/hist_gradient_boosting/PS_UV_hgb_split_indices.csv,53118,432a833335c0cdd061e95b6905e5e4d123d1bb0e1053568acd75217e8e2e2c70
splits/hist_gradient_boosting/PS_UV_hgb_split_manifest.json,379,b1e7cfd30707fe55c264b96cea3fe23fceebf4c6507efd20cebd8a3a3d508c4e
splits/hist_gradient_boosting/TPS_UG_hgb_split_indices.csv,53118,432a833335c0cdd061e95b6905e5e4d123d1bb0e1053568acd75217e8e2e2c70
splits/hist_gradient_boosting/TPS_UG_hgb_split_manifest.json,382,b3538a855d387aa2f38e0e40821afbd20b7c8cbe754e47af282fd597d37b73e1
splits/hist_gradient_boosting/TPS_UV_hgb_split_indices.csv,53118,432a833335c0cdd061e95b6905e5e4d123d1bb0e1053568acd75217e8e2e2c70
splits/hist_gradient_boosting/TPS_UV_hgb_split_manifest.json,382,fe16e0eef7e172f3f9ec8ca057b6eed0992246a191d66bc5bbb6bd9add2e988b
splits/knn/PS_UG_knn_split_indices.csv,53118,432a833335c0cdd061e95b6905e5e4d123d1bb0e1053568acd75217e8e2e2c70
splits/knn/PS_UG_knn_split_manifest.json,379,c91802be0a8c3ab6c2193cade236d98020c8634b2ac1e56a8d1411503b485a13
splits/knn/PS_UV_knn_split_indices.csv,53118,432a833335c0cdd061e95b6905e5e4d123d1bb0e1053568acd75217e8e2e2c70
splits/knn/PS_UV_knn_split_manifest.json,379,d668a92443cad60101bb7b09d4121ab81d801b7c1461233854974bb979665680
splits/knn/TPS_UG_knn_split_indices.csv,53118,432a833335c0cdd061e95b6905e5e4d123d1bb0e1053568acd75217e8e2e2c70
splits/knn/TPS_UG_knn_split_manifest.json,382,5b77f9c4d5fb7b65b117ff2c47f2e68cce7b3933a8732e3cc1144e90d5d92dda
splits/knn/TPS_UV_knn_split_indices.csv,53118,432a833335c0cdd061e95b6905e5e4d123d1bb0e1053568acd75217e8e2e2c70
splits/knn/TPS_UV_knn_split_manifest.json,382,bf4426030e1fbc25b5fbca213c76e410bb0e0ec31d298a25783db80f87cac83c
splits/lightgbm/PS_UG_lgbm_split_indices.csv,53118,432a833335c0cdd061e95b6905e5e4d123d1bb0e1053568acd75217e8e2e2c70
splits/lightgbm/PS_UG_lgbm_split_manifest.json,381,25c8a507e8bddc94cff2023024a34c006a9f05be9edc4da214772f420ffeb1d4
splits/lightgbm/PS_UV_lgbm_split_indices.csv,53118,432a833335c0cdd061e95b6905e5e4d123d1bb0e1053568acd75217e8e2e2c70
splits/lightgbm/PS_UV_lgbm_split_manifest.json,381,280e24cd4e56779aa760e81af80e7a3b99480122f715c10ec7118313ba651c1e
splits/lightgbm/TPS_UG_lgbm_split_indices.csv,53118,432a833335c0cdd061e95b6905e5e4d123d1bb0e1053568acd75217e8e2e2c70
splits/lightgbm/TPS_UG_lgbm_split_manifest.json,384,9639b31942459bce14f43a3c700313e161e1e86228be3bae509f1b7f752d620f
splits/lightgbm/TPS_UV_lgbm_split_indices.csv,53118,432a833335c0cdd061e95b6905e5e4d123d1bb0e1053568acd75217e8e2e2c70
splits/lightgbm/TPS_UV_lgbm_split_manifest.json,384,e1da4c0e1efb313eb5bc81a665f0cf04807ebb9ffa9e783e818b9e8bcf61d849
splits/random_forest/PS_UG_rf_split_indices.csv,53118,432a833335c0cdd061e95b6905e5e4d123d1bb0e1053568acd75217e8e2e2c70
splits/random_forest/PS_UG_rf_split_manifest.json,377,9423756d483968ecf221c98274d1280ae4ae807af84d5e52fb1fccd9ddccee8d
splits/random_forest/PS_UV_rf_split_indices.csv,53118,432a833335c0cdd061e95b6905e5e4d123d1bb0e1053568acd75217e8e2e2c70
splits/random_forest/PS_UV_rf_split_manifest.json,377,cbb1d1eb7e8ac9417b03731a6671ff45a69854a0d7e14a5c67bf65f90066e1d3
splits/random_forest/TPS_UG_rf_split_indices.csv,53118,432a833335c0cdd061e95b6905e5e4d123d1bb0e1053568acd75217e8e2e2c70
splits/random_forest/TPS_UG_rf_split_manifest.json,380,77f60652de22d68a63b6962933847f6ef4f87ec44b690785c27951c187fe42c3
splits/random_forest/TPS_UV_rf_split_indices.csv,53118,432a833335c0cdd061e95b6905e5e4d123d1bb0e1053568acd75217e8e2e2c70
splits/random_forest/TPS_UV_rf_split_manifest.json,380,a3902218adf8cf1eb825144ace0ef40c549665252035fd950ca2f533dace37b8
splits/README.md,405,9e09c6d8ef63d23662b1040c2bbb34f24f34b8c7ae1eeced2345106d36148dfb
splits/split_summary.csv,1772,65f22a70752afa485e45c8250f4c03c1490ba4fedd1d2b09f3297c45681ccc38
splits/support_vector_regressor/PS_UG_svr_split_indices.csv,53118,432a833335c0cdd061e95b6905e5e4d123d1bb0e1053568acd75217e8e2e2c70
splits/support_vector_regressor/PS_UG_svr_split_manifest.json,379,4f5d4030decb75b6d8728c446ba6c464810f6d9182fce7c8cee997a5475cc829
splits/support_vector_regressor/PS_UV_svr_split_indices.csv,53118,432a833335c0cdd061e95b6905e5e4d123d1bb0e1053568acd75217e8e2e2c70
splits/support_vector_regressor/PS_UV_svr_split_manifest.json,379,2420006563885cba8ff76869eb43953d20f5c53d7986db050eff8f2917c89011
splits/support_vector_regressor/TPS_UG_svr_split_indices.csv,53118,432a833335c0cdd061e95b6905e5e4d123d1bb0e1053568acd75217e8e2e2c70
splits/support_vector_regressor/TPS_UG_svr_split_manifest.json,382,76632147375f18ef3f4b5f87ed10ea33afdaeba97ea419589564f2ce0e949f1d
splits/support_vector_regressor/TPS_UV_svr_split_indices.csv,53118,432a833335c0cdd061e95b6905e5e4d123d1bb0e1053568acd75217e8e2e2c70
splits/support_vector_regressor/TPS_UV_svr_split_manifest.json,382,b7de7a8280ccab9011753abb3cf97c6271b0e6dd267ccab3e0aca98394825d35
